ISO-10303-21;
HEADER;
/* Generated by software containing ST-Developer
 * from STEP Tools, Inc. (www.steptools.com) 
 */

FILE_DESCRIPTION(
/* description */ (''),
/* implementation_level */ '2;1');

FILE_NAME(
/* name */ 
'L:/Altium Libraries/3D Objects/Film Capacitors/WIMA Film Capacitors/F
ilm Capacitors P2.5/FILM_RED_P250L460W300H750PD40.step',
/* time_stamp */ '2021-01-13T16:40:41+01:00',
/* author */ (''),
/* organization */ (''),
/* preprocessor_version */ 'ST-DEVELOPER v18.1',
/* originating_system */ 'Autodesk Translation Framework v9.7.1.1290',
/* authorisation */ '');

FILE_SCHEMA (('AUTOMOTIVE_DESIGN { 1 0 10303 214 3 1 1 }'));
ENDSEC;

DATA;
#10=MECHANICAL_DESIGN_GEOMETRIC_PRESENTATION_REPRESENTATION('',(#833,#834,
#835,#836,#837,#838,#839,#840,#841,#842,#843,#844,#845,#846,#847,#848,#849,
#850,#851,#852),#1882);
#11=SHAPE_REPRESENTATION_RELATIONSHIP('SRR','None',#1889,#12);
#12=ADVANCED_BREP_SHAPE_REPRESENTATION('',(#13,#14,#15,#16,#17,#18,#19,
#20,#21),#1881);
#13=MANIFOLD_SOLID_BREP('Extruded body',#914);
#14=MANIFOLD_SOLID_BREP('pin 1',#915);
#15=MANIFOLD_SOLID_BREP('pin2',#916);
#16=MANIFOLD_SOLID_BREP('Body5',#917);
#17=MANIFOLD_SOLID_BREP('Body6',#918);
#18=MANIFOLD_SOLID_BREP('Body7',#919);
#19=MANIFOLD_SOLID_BREP('Body8',#920);
#20=MANIFOLD_SOLID_BREP('Body16',#921);
#21=MANIFOLD_SOLID_BREP('Body14',#922);
#22=SPHERICAL_SURFACE('',#952,0.5);
#23=SPHERICAL_SURFACE('',#957,0.5);
#24=SPHERICAL_SURFACE('',#961,0.5);
#25=SPHERICAL_SURFACE('',#966,0.5);
#26=CYLINDRICAL_SURFACE('',#947,0.5);
#27=CYLINDRICAL_SURFACE('',#950,0.5);
#28=CYLINDRICAL_SURFACE('',#956,0.5);
#29=CYLINDRICAL_SURFACE('',#960,0.5);
#30=CYLINDRICAL_SURFACE('',#965,0.5);
#31=CYLINDRICAL_SURFACE('',#969,0.5);
#32=CYLINDRICAL_SURFACE('',#970,0.5);
#33=CYLINDRICAL_SURFACE('',#971,0.5);
#34=CYLINDRICAL_SURFACE('',#975,0.2);
#35=CYLINDRICAL_SURFACE('',#982,0.2);
#36=FACE_BOUND('',#171,.T.);
#37=FACE_BOUND('',#221,.T.);
#38=FACE_BOUND('',#224,.T.);
#39=CIRCLE('',#942,0.5);
#40=CIRCLE('',#943,0.5);
#41=CIRCLE('',#944,0.5);
#42=CIRCLE('',#945,0.5);
#43=CIRCLE('',#948,0.5);
#44=CIRCLE('',#951,0.5);
#45=CIRCLE('',#953,0.5);
#46=CIRCLE('',#954,0.5);
#47=CIRCLE('',#955,0.5);
#48=CIRCLE('',#958,0.5);
#49=CIRCLE('',#959,0.5);
#50=CIRCLE('',#962,0.5);
#51=CIRCLE('',#963,0.5);
#52=CIRCLE('',#964,0.5);
#53=CIRCLE('',#967,0.5);
#54=CIRCLE('',#968,0.5);
#55=CIRCLE('',#976,0.2);
#56=CIRCLE('',#977,0.2);
#57=CIRCLE('',#981,0.2);
#58=CIRCLE('',#983,0.2);
#59=PLANE('',#936);
#60=PLANE('',#937);
#61=PLANE('',#938);
#62=PLANE('',#939);
#63=PLANE('',#940);
#64=PLANE('',#941);
#65=PLANE('',#946);
#66=PLANE('',#949);
#67=PLANE('',#972);
#68=PLANE('',#973);
#69=PLANE('',#974);
#70=PLANE('',#978);
#71=PLANE('',#979);
#72=PLANE('',#980);
#73=PLANE('',#984);
#74=PLANE('',#985);
#75=PLANE('',#986);
#76=PLANE('',#987);
#77=PLANE('',#988);
#78=PLANE('',#989);
#79=PLANE('',#990);
#80=PLANE('',#991);
#81=PLANE('',#992);
#82=PLANE('',#993);
#83=PLANE('',#994);
#84=PLANE('',#995);
#85=PLANE('',#996);
#86=PLANE('',#997);
#87=PLANE('',#998);
#88=PLANE('',#999);
#89=PLANE('',#1000);
#90=PLANE('',#1001);
#91=PLANE('',#1002);
#92=PLANE('',#1003);
#93=PLANE('',#1004);
#94=PLANE('',#1005);
#95=PLANE('',#1006);
#96=PLANE('',#1007);
#97=PLANE('',#1008);
#98=PLANE('',#1009);
#99=PLANE('',#1010);
#100=FACE_OUTER_BOUND('',#161,.T.);
#101=FACE_OUTER_BOUND('',#162,.T.);
#102=FACE_OUTER_BOUND('',#163,.T.);
#103=FACE_OUTER_BOUND('',#164,.T.);
#104=FACE_OUTER_BOUND('',#165,.T.);
#105=FACE_OUTER_BOUND('',#166,.T.);
#106=FACE_OUTER_BOUND('',#167,.T.);
#107=FACE_OUTER_BOUND('',#168,.T.);
#108=FACE_OUTER_BOUND('',#169,.T.);
#109=FACE_OUTER_BOUND('',#170,.T.);
#110=FACE_OUTER_BOUND('',#172,.T.);
#111=FACE_OUTER_BOUND('',#173,.T.);
#112=FACE_OUTER_BOUND('',#174,.T.);
#113=FACE_OUTER_BOUND('',#175,.T.);
#114=FACE_OUTER_BOUND('',#176,.T.);
#115=FACE_OUTER_BOUND('',#177,.T.);
#116=FACE_OUTER_BOUND('',#178,.T.);
#117=FACE_OUTER_BOUND('',#179,.T.);
#118=FACE_OUTER_BOUND('',#180,.T.);
#119=FACE_OUTER_BOUND('',#181,.T.);
#120=FACE_OUTER_BOUND('',#182,.T.);
#121=FACE_OUTER_BOUND('',#183,.T.);
#122=FACE_OUTER_BOUND('',#184,.T.);
#123=FACE_OUTER_BOUND('',#185,.T.);
#124=FACE_OUTER_BOUND('',#186,.T.);
#125=FACE_OUTER_BOUND('',#187,.T.);
#126=FACE_OUTER_BOUND('',#188,.T.);
#127=FACE_OUTER_BOUND('',#189,.T.);
#128=FACE_OUTER_BOUND('',#190,.T.);
#129=FACE_OUTER_BOUND('',#191,.T.);
#130=FACE_OUTER_BOUND('',#192,.T.);
#131=FACE_OUTER_BOUND('',#193,.T.);
#132=FACE_OUTER_BOUND('',#194,.T.);
#133=FACE_OUTER_BOUND('',#195,.T.);
#134=FACE_OUTER_BOUND('',#196,.T.);
#135=FACE_OUTER_BOUND('',#197,.T.);
#136=FACE_OUTER_BOUND('',#198,.T.);
#137=FACE_OUTER_BOUND('',#199,.T.);
#138=FACE_OUTER_BOUND('',#200,.T.);
#139=FACE_OUTER_BOUND('',#201,.T.);
#140=FACE_OUTER_BOUND('',#202,.T.);
#141=FACE_OUTER_BOUND('',#203,.T.);
#142=FACE_OUTER_BOUND('',#204,.T.);
#143=FACE_OUTER_BOUND('',#205,.T.);
#144=FACE_OUTER_BOUND('',#206,.T.);
#145=FACE_OUTER_BOUND('',#207,.T.);
#146=FACE_OUTER_BOUND('',#208,.T.);
#147=FACE_OUTER_BOUND('',#209,.T.);
#148=FACE_OUTER_BOUND('',#210,.T.);
#149=FACE_OUTER_BOUND('',#211,.T.);
#150=FACE_OUTER_BOUND('',#212,.T.);
#151=FACE_OUTER_BOUND('',#213,.T.);
#152=FACE_OUTER_BOUND('',#214,.T.);
#153=FACE_OUTER_BOUND('',#215,.T.);
#154=FACE_OUTER_BOUND('',#216,.T.);
#155=FACE_OUTER_BOUND('',#217,.T.);
#156=FACE_OUTER_BOUND('',#218,.T.);
#157=FACE_OUTER_BOUND('',#219,.T.);
#158=FACE_OUTER_BOUND('',#220,.T.);
#159=FACE_OUTER_BOUND('',#222,.T.);
#160=FACE_OUTER_BOUND('',#223,.T.);
#161=EDGE_LOOP('',(#595,#596,#597,#598));
#162=EDGE_LOOP('',(#599,#600,#601,#602));
#163=EDGE_LOOP('',(#603,#604,#605,#606));
#164=EDGE_LOOP('',(#607,#608,#609,#610));
#165=EDGE_LOOP('',(#611,#612,#613,#614));
#166=EDGE_LOOP('',(#615,#616,#617,#618));
#167=EDGE_LOOP('',(#619,#620,#621,#622));
#168=EDGE_LOOP('',(#623,#624,#625,#626));
#169=EDGE_LOOP('',(#627,#628,#629,#630));
#170=EDGE_LOOP('',(#631,#632,#633,#634,#635,#636,#637,#638));
#171=EDGE_LOOP('',(#639,#640,#641,#642));
#172=EDGE_LOOP('',(#643,#644,#645,#646));
#173=EDGE_LOOP('',(#647,#648,#649,#650));
#174=EDGE_LOOP('',(#651,#652,#653,#654));
#175=EDGE_LOOP('',(#655,#656,#657,#658));
#176=EDGE_LOOP('',(#659,#660,#661));
#177=EDGE_LOOP('',(#662,#663,#664,#665));
#178=EDGE_LOOP('',(#666,#667,#668));
#179=EDGE_LOOP('',(#669,#670,#671,#672));
#180=EDGE_LOOP('',(#673,#674,#675));
#181=EDGE_LOOP('',(#676,#677,#678,#679));
#182=EDGE_LOOP('',(#680,#681,#682));
#183=EDGE_LOOP('',(#683,#684,#685,#686));
#184=EDGE_LOOP('',(#687,#688,#689,#690));
#185=EDGE_LOOP('',(#691,#692,#693,#694));
#186=EDGE_LOOP('',(#695,#696,#697,#698));
#187=EDGE_LOOP('',(#699,#700,#701,#702));
#188=EDGE_LOOP('',(#703,#704,#705,#706));
#189=EDGE_LOOP('',(#707,#708,#709,#710));
#190=EDGE_LOOP('',(#711));
#191=EDGE_LOOP('',(#712));
#192=EDGE_LOOP('',(#713));
#193=EDGE_LOOP('',(#714,#715,#716,#717));
#194=EDGE_LOOP('',(#718));
#195=EDGE_LOOP('',(#719,#720,#721,#722));
#196=EDGE_LOOP('',(#723,#724,#725,#726));
#197=EDGE_LOOP('',(#727,#728,#729,#730));
#198=EDGE_LOOP('',(#731,#732,#733,#734));
#199=EDGE_LOOP('',(#735,#736,#737,#738));
#200=EDGE_LOOP('',(#739,#740,#741,#742));
#201=EDGE_LOOP('',(#743,#744,#745,#746));
#202=EDGE_LOOP('',(#747,#748,#749,#750));
#203=EDGE_LOOP('',(#751,#752,#753,#754));
#204=EDGE_LOOP('',(#755,#756,#757,#758));
#205=EDGE_LOOP('',(#759,#760,#761,#762));
#206=EDGE_LOOP('',(#763,#764,#765,#766));
#207=EDGE_LOOP('',(#767,#768,#769,#770));
#208=EDGE_LOOP('',(#771,#772,#773,#774));
#209=EDGE_LOOP('',(#775,#776,#777,#778));
#210=EDGE_LOOP('',(#779,#780,#781,#782));
#211=EDGE_LOOP('',(#783,#784,#785,#786));
#212=EDGE_LOOP('',(#787,#788,#789,#790));
#213=EDGE_LOOP('',(#791,#792,#793,#794));
#214=EDGE_LOOP('',(#795,#796,#797,#798));
#215=EDGE_LOOP('',(#799,#800,#801,#802));
#216=EDGE_LOOP('',(#803,#804,#805,#806));
#217=EDGE_LOOP('',(#807,#808,#809,#810));
#218=EDGE_LOOP('',(#811,#812,#813,#814));
#219=EDGE_LOOP('',(#815,#816,#817,#818));
#220=EDGE_LOOP('',(#819));
#221=EDGE_LOOP('',(#820));
#222=EDGE_LOOP('',(#821,#822,#823,#824));
#223=EDGE_LOOP('',(#825));
#224=EDGE_LOOP('',(#826));
#225=B_SPLINE_CURVE_WITH_KNOTS('',3,(#1286,#1287,#1288,#1289,#1290,#1291,
#1292,#1293,#1294,#1295,#1296,#1297),.UNSPECIFIED.,.F.,.F.,(4,2,2,2,2,4),
(-0.0154611771727308,-0.0153802996921689,-0.0095828918945404,-0.00744824164346855,
-0.00524499262083045,0.),.UNSPECIFIED.);
#226=B_SPLINE_CURVE_WITH_KNOTS('',3,(#1300,#1301,#1302,#1303,#1304,#1305,
#1306,#1307,#1308,#1309,#1310,#1311),.UNSPECIFIED.,.F.,.F.,(4,2,2,2,2,4),
(-0.0154604077798042,-0.0153794232242487,-0.00958402357350637,-0.00744855217372973,
-0.00524472039330371,0.),.UNSPECIFIED.);
#227=B_SPLINE_CURVE_WITH_KNOTS('',3,(#1348,#1349,#1350,#1351,#1352,#1353,
#1354,#1355,#1356,#1357,#1358,#1359),.UNSPECIFIED.,.F.,.F.,(4,2,2,2,2,4),
(-0.0154604077796813,-0.0153794232240024,-0.00958402357349796,-0.00744855217372602,
-0.00524472039330358,0.),.UNSPECIFIED.);
#228=B_SPLINE_CURVE_WITH_KNOTS('',3,(#1396,#1397,#1398,#1399,#1400,#1401,
#1402,#1403,#1404,#1405,#1406,#1407),.UNSPECIFIED.,.F.,.F.,(4,2,2,2,2,4),
(-0.0154611771728781,-0.0153802996923811,-0.00958289189452556,-0.00744824164346209,
-0.00524499262082983,0.),.UNSPECIFIED.);
#229=B_SPLINE_CURVE_WITH_KNOTS('',3,(#1710,#1711,#1712,#1713,#1714,#1715,
#1716,#1717,#1718,#1719,#1720,#1721,#1722,#1723,#1724,#1725,#1726,#1727,
#1728,#1729,#1730,#1731,#1732,#1733,#1734),.UNSPECIFIED.,.T.,.F.,(4,3,3,
3,3,3,3,3,4),(-0.140390433864172,-0.121249338894969,-0.102108243925767,
-0.0829671489565645,-0.063826053987362,-0.0446849590181596,-0.0255438640489572,
-0.00640276907975472,0.0127383258894477),.UNSPECIFIED.);
#230=B_SPLINE_CURVE_WITH_KNOTS('',3,(#1736,#1737,#1738,#1739),
 .UNSPECIFIED.,.F.,.F.,(4,4),(0.235427363737231,0.67931792985612),
 .UNSPECIFIED.);
#231=B_SPLINE_CURVE_WITH_KNOTS('',3,(#1740,#1741,#1742,#1743,#1744,#1745,
#1746,#1747,#1748,#1749,#1750,#1751,#1752,#1753,#1754,#1755,#1756,#1757,
#1758,#1759,#1760,#1761,#1762,#1763,#1764),.UNSPECIFIED.,.T.,.F.,(4,3,3,
3,3,3,3,3,4),(-0.0364103496100549,0.00723763478653202,0.0508856191831189,
0.0945336035797058,0.138181587976293,0.18182957237288,0.225477556769466,
0.269125541166053,0.31277352556264),.UNSPECIFIED.);
#232=B_SPLINE_CURVE_WITH_KNOTS('',3,(#1823,#1824,#1825,#1826,#1827,#1828,
#1829,#1830,#1831,#1832,#1833,#1834,#1835,#1836,#1837,#1838,#1839,#1840,
#1841,#1842,#1843,#1844,#1845,#1846,#1847),.UNSPECIFIED.,.T.,.F.,(4,3,3,
3,3,3,3,3,4),(-0.140390433864132,-0.121249338894935,-0.102108243925737,
-0.0829671489565399,-0.0638260539873425,-0.0446849590181451,-0.0255438640489476,
-0.00640276907975018,0.0127383258894473),.UNSPECIFIED.);
#233=B_SPLINE_CURVE_WITH_KNOTS('',3,(#1849,#1850,#1851,#1852),
 .UNSPECIFIED.,.F.,.F.,(4,4),(0.235427363737231,0.67931792985612),
 .UNSPECIFIED.);
#234=B_SPLINE_CURVE_WITH_KNOTS('',3,(#1853,#1854,#1855,#1856,#1857,#1858,
#1859,#1860,#1861,#1862,#1863,#1864,#1865,#1866,#1867,#1868,#1869,#1870,
#1871,#1872,#1873,#1874,#1875,#1876,#1877),.UNSPECIFIED.,.T.,.F.,(4,3,3,
3,3,3,3,3,4),(-0.036410349610055,0.00723763478652692,0.0508856191831088,
0.0945336035796907,0.138181587976273,0.181829572372855,0.225477556769436,
0.269125541166018,0.3127735255626),.UNSPECIFIED.);
#235=LINE('',#1284,#321);
#236=LINE('',#1299,#322);
#237=LINE('',#1345,#323);
#238=LINE('',#1347,#324);
#239=LINE('',#1393,#325);
#240=LINE('',#1395,#326);
#241=LINE('',#1440,#327);
#242=LINE('',#1441,#328);
#243=LINE('',#1444,#329);
#244=LINE('',#1446,#330);
#245=LINE('',#1447,#331);
#246=LINE('',#1450,#332);
#247=LINE('',#1451,#333);
#248=LINE('',#1455,#334);
#249=LINE('',#1456,#335);
#250=LINE('',#1458,#336);
#251=LINE('',#1464,#337);
#252=LINE('',#1468,#338);
#253=LINE('',#1472,#339);
#254=LINE('',#1475,#340);
#255=LINE('',#1478,#341);
#256=LINE('',#1480,#342);
#257=LINE('',#1481,#343);
#258=LINE('',#1484,#344);
#259=LINE('',#1488,#345);
#260=LINE('',#1489,#346);
#261=LINE('',#1492,#347);
#262=LINE('',#1502,#348);
#263=LINE('',#1503,#349);
#264=LINE('',#1509,#350);
#265=LINE('',#1510,#351);
#266=LINE('',#1518,#352);
#267=LINE('',#1524,#353);
#268=LINE('',#1526,#354);
#269=LINE('',#1528,#355);
#270=LINE('',#1529,#356);
#271=LINE('',#1537,#357);
#272=LINE('',#1547,#358);
#273=LINE('',#1552,#359);
#274=LINE('',#1554,#360);
#275=LINE('',#1556,#361);
#276=LINE('',#1557,#362);
#277=LINE('',#1560,#363);
#278=LINE('',#1562,#364);
#279=LINE('',#1563,#365);
#280=LINE('',#1567,#366);
#281=LINE('',#1568,#367);
#282=LINE('',#1569,#368);
#283=LINE('',#1571,#369);
#284=LINE('',#1572,#370);
#285=LINE('',#1578,#371);
#286=LINE('',#1580,#372);
#287=LINE('',#1582,#373);
#288=LINE('',#1583,#374);
#289=LINE('',#1586,#375);
#290=LINE('',#1588,#376);
#291=LINE('',#1589,#377);
#292=LINE('',#1592,#378);
#293=LINE('',#1593,#379);
#294=LINE('',#1596,#380);
#295=LINE('',#1597,#381);
#296=LINE('',#1599,#382);
#297=LINE('',#1604,#383);
#298=LINE('',#1606,#384);
#299=LINE('',#1608,#385);
#300=LINE('',#1609,#386);
#301=LINE('',#1612,#387);
#302=LINE('',#1614,#388);
#303=LINE('',#1615,#389);
#304=LINE('',#1618,#390);
#305=LINE('',#1619,#391);
#306=LINE('',#1622,#392);
#307=LINE('',#1623,#393);
#308=LINE('',#1625,#394);
#309=LINE('',#1630,#395);
#310=LINE('',#1632,#396);
#311=LINE('',#1634,#397);
#312=LINE('',#1635,#398);
#313=LINE('',#1638,#399);
#314=LINE('',#1640,#400);
#315=LINE('',#1641,#401);
#316=LINE('',#1645,#402);
#317=LINE('',#1646,#403);
#318=LINE('',#1647,#404);
#319=LINE('',#1649,#405);
#320=LINE('',#1650,#406);
#321=VECTOR('',#1013,10.);
#322=VECTOR('',#1014,10.);
#323=VECTOR('',#1015,10.);
#324=VECTOR('',#1016,10.);
#325=VECTOR('',#1017,10.);
#326=VECTOR('',#1018,10.);
#327=VECTOR('',#1019,10.);
#328=VECTOR('',#1020,10.);
#329=VECTOR('',#1023,10.);
#330=VECTOR('',#1024,10.);
#331=VECTOR('',#1025,10.);
#332=VECTOR('',#1028,10.);
#333=VECTOR('',#1029,10.);
#334=VECTOR('',#1034,10.);
#335=VECTOR('',#1035,10.);
#336=VECTOR('',#1038,10.);
#337=VECTOR('',#1043,10.);
#338=VECTOR('',#1046,10.);
#339=VECTOR('',#1049,10.);
#340=VECTOR('',#1052,10.);
#341=VECTOR('',#1055,10.);
#342=VECTOR('',#1056,10.);
#343=VECTOR('',#1057,10.);
#344=VECTOR('',#1060,10.);
#345=VECTOR('',#1065,10.);
#346=VECTOR('',#1066,10.);
#347=VECTOR('',#1069,10.);
#348=VECTOR('',#1082,10.);
#349=VECTOR('',#1083,10.);
#350=VECTOR('',#1092,10.);
#351=VECTOR('',#1093,10.);
#352=VECTOR('',#1104,10.);
#353=VECTOR('',#1113,10.);
#354=VECTOR('',#1116,10.);
#355=VECTOR('',#1119,10.);
#356=VECTOR('',#1120,10.);
#357=VECTOR('',#1131,0.2);
#358=VECTOR('',#1146,0.2);
#359=VECTOR('',#1151,10.);
#360=VECTOR('',#1152,10.);
#361=VECTOR('',#1153,10.);
#362=VECTOR('',#1154,10.);
#363=VECTOR('',#1157,10.);
#364=VECTOR('',#1158,10.);
#365=VECTOR('',#1159,10.);
#366=VECTOR('',#1162,10.);
#367=VECTOR('',#1163,10.);
#368=VECTOR('',#1164,10.);
#369=VECTOR('',#1167,10.);
#370=VECTOR('',#1168,10.);
#371=VECTOR('',#1175,10.);
#372=VECTOR('',#1176,10.);
#373=VECTOR('',#1177,10.);
#374=VECTOR('',#1178,10.);
#375=VECTOR('',#1181,10.);
#376=VECTOR('',#1182,10.);
#377=VECTOR('',#1183,10.);
#378=VECTOR('',#1186,10.);
#379=VECTOR('',#1187,10.);
#380=VECTOR('',#1190,10.);
#381=VECTOR('',#1191,10.);
#382=VECTOR('',#1194,10.);
#383=VECTOR('',#1199,10.);
#384=VECTOR('',#1200,10.);
#385=VECTOR('',#1201,10.);
#386=VECTOR('',#1202,10.);
#387=VECTOR('',#1205,10.);
#388=VECTOR('',#1206,10.);
#389=VECTOR('',#1207,10.);
#390=VECTOR('',#1210,10.);
#391=VECTOR('',#1211,10.);
#392=VECTOR('',#1214,10.);
#393=VECTOR('',#1215,10.);
#394=VECTOR('',#1218,10.);
#395=VECTOR('',#1223,10.);
#396=VECTOR('',#1224,10.);
#397=VECTOR('',#1225,10.);
#398=VECTOR('',#1226,10.);
#399=VECTOR('',#1229,10.);
#400=VECTOR('',#1230,10.);
#401=VECTOR('',#1231,10.);
#402=VECTOR('',#1234,10.);
#403=VECTOR('',#1235,10.);
#404=VECTOR('',#1236,10.);
#405=VECTOR('',#1239,10.);
#406=VECTOR('',#1240,10.);
#407=VERTEX_POINT('',#1282);
#408=VERTEX_POINT('',#1283);
#409=VERTEX_POINT('',#1285);
#410=VERTEX_POINT('',#1298);
#411=VERTEX_POINT('',#1344);
#412=VERTEX_POINT('',#1346);
#413=VERTEX_POINT('',#1392);
#414=VERTEX_POINT('',#1394);
#415=VERTEX_POINT('',#1443);
#416=VERTEX_POINT('',#1445);
#417=VERTEX_POINT('',#1449);
#418=VERTEX_POINT('',#1454);
#419=VERTEX_POINT('',#1460);
#420=VERTEX_POINT('',#1461);
#421=VERTEX_POINT('',#1463);
#422=VERTEX_POINT('',#1465);
#423=VERTEX_POINT('',#1467);
#424=VERTEX_POINT('',#1469);
#425=VERTEX_POINT('',#1471);
#426=VERTEX_POINT('',#1473);
#427=VERTEX_POINT('',#1477);
#428=VERTEX_POINT('',#1479);
#429=VERTEX_POINT('',#1483);
#430=VERTEX_POINT('',#1487);
#431=VERTEX_POINT('',#1491);
#432=VERTEX_POINT('',#1495);
#433=VERTEX_POINT('',#1496);
#434=VERTEX_POINT('',#1498);
#435=VERTEX_POINT('',#1505);
#436=VERTEX_POINT('',#1512);
#437=VERTEX_POINT('',#1513);
#438=VERTEX_POINT('',#1520);
#439=VERTEX_POINT('',#1534);
#440=VERTEX_POINT('',#1536);
#441=VERTEX_POINT('',#1542);
#442=VERTEX_POINT('',#1545);
#443=VERTEX_POINT('',#1550);
#444=VERTEX_POINT('',#1551);
#445=VERTEX_POINT('',#1553);
#446=VERTEX_POINT('',#1555);
#447=VERTEX_POINT('',#1559);
#448=VERTEX_POINT('',#1561);
#449=VERTEX_POINT('',#1565);
#450=VERTEX_POINT('',#1566);
#451=VERTEX_POINT('',#1576);
#452=VERTEX_POINT('',#1577);
#453=VERTEX_POINT('',#1579);
#454=VERTEX_POINT('',#1581);
#455=VERTEX_POINT('',#1585);
#456=VERTEX_POINT('',#1587);
#457=VERTEX_POINT('',#1591);
#458=VERTEX_POINT('',#1595);
#459=VERTEX_POINT('',#1602);
#460=VERTEX_POINT('',#1603);
#461=VERTEX_POINT('',#1605);
#462=VERTEX_POINT('',#1607);
#463=VERTEX_POINT('',#1611);
#464=VERTEX_POINT('',#1613);
#465=VERTEX_POINT('',#1617);
#466=VERTEX_POINT('',#1621);
#467=VERTEX_POINT('',#1628);
#468=VERTEX_POINT('',#1629);
#469=VERTEX_POINT('',#1631);
#470=VERTEX_POINT('',#1633);
#471=VERTEX_POINT('',#1637);
#472=VERTEX_POINT('',#1639);
#473=VERTEX_POINT('',#1643);
#474=VERTEX_POINT('',#1644);
#475=VERTEX_POINT('',#1709);
#476=VERTEX_POINT('',#1735);
#477=VERTEX_POINT('',#1822);
#478=VERTEX_POINT('',#1848);
#479=EDGE_CURVE('',#407,#408,#235,.T.);
#480=EDGE_CURVE('',#408,#409,#225,.T.);
#481=EDGE_CURVE('',#409,#410,#236,.T.);
#482=EDGE_CURVE('',#407,#410,#226,.T.);
#483=EDGE_CURVE('',#411,#409,#237,.T.);
#484=EDGE_CURVE('',#408,#412,#238,.T.);
#485=EDGE_CURVE('',#412,#411,#227,.T.);
#486=EDGE_CURVE('',#413,#411,#239,.T.);
#487=EDGE_CURVE('',#412,#414,#240,.T.);
#488=EDGE_CURVE('',#414,#413,#228,.T.);
#489=EDGE_CURVE('',#410,#413,#241,.T.);
#490=EDGE_CURVE('',#414,#407,#242,.T.);
#491=EDGE_CURVE('',#415,#410,#243,.T.);
#492=EDGE_CURVE('',#416,#415,#244,.T.);
#493=EDGE_CURVE('',#416,#413,#245,.T.);
#494=EDGE_CURVE('',#417,#409,#246,.T.);
#495=EDGE_CURVE('',#415,#417,#247,.T.);
#496=EDGE_CURVE('',#418,#416,#248,.T.);
#497=EDGE_CURVE('',#418,#411,#249,.T.);
#498=EDGE_CURVE('',#417,#418,#250,.T.);
#499=EDGE_CURVE('',#419,#420,#39,.T.);
#500=EDGE_CURVE('',#421,#419,#251,.T.);
#501=EDGE_CURVE('',#422,#421,#40,.T.);
#502=EDGE_CURVE('',#423,#422,#252,.T.);
#503=EDGE_CURVE('',#424,#423,#41,.T.);
#504=EDGE_CURVE('',#425,#424,#253,.T.);
#505=EDGE_CURVE('',#426,#425,#42,.T.);
#506=EDGE_CURVE('',#420,#426,#254,.T.);
#507=EDGE_CURVE('',#427,#426,#255,.T.);
#508=EDGE_CURVE('',#428,#427,#256,.T.);
#509=EDGE_CURVE('',#420,#428,#257,.T.);
#510=EDGE_CURVE('',#425,#429,#258,.T.);
#511=EDGE_CURVE('',#429,#427,#43,.F.);
#512=EDGE_CURVE('',#430,#424,#259,.T.);
#513=EDGE_CURVE('',#429,#430,#260,.T.);
#514=EDGE_CURVE('',#423,#431,#261,.T.);
#515=EDGE_CURVE('',#431,#430,#44,.F.);
#516=EDGE_CURVE('',#432,#433,#45,.F.);
#517=EDGE_CURVE('',#434,#432,#46,.F.);
#518=EDGE_CURVE('',#433,#434,#47,.F.);
#519=EDGE_CURVE('',#421,#434,#262,.T.);
#520=EDGE_CURVE('',#432,#422,#263,.T.);
#521=EDGE_CURVE('',#430,#435,#48,.F.);
#522=EDGE_CURVE('',#435,#431,#49,.F.);
#523=EDGE_CURVE('',#433,#435,#264,.T.);
#524=EDGE_CURVE('',#431,#432,#265,.T.);
#525=EDGE_CURVE('',#436,#437,#50,.F.);
#526=EDGE_CURVE('',#428,#436,#51,.F.);
#527=EDGE_CURVE('',#437,#428,#52,.F.);
#528=EDGE_CURVE('',#436,#419,#266,.T.);
#529=EDGE_CURVE('',#427,#438,#53,.F.);
#530=EDGE_CURVE('',#438,#429,#54,.F.);
#531=EDGE_CURVE('',#435,#438,#267,.T.);
#532=EDGE_CURVE('',#438,#437,#268,.T.);
#533=EDGE_CURVE('',#437,#433,#269,.T.);
#534=EDGE_CURVE('',#434,#436,#270,.T.);
#535=EDGE_CURVE('',#439,#439,#55,.T.);
#536=EDGE_CURVE('',#439,#440,#271,.T.);
#537=EDGE_CURVE('',#440,#440,#56,.T.);
#538=EDGE_CURVE('',#441,#441,#57,.T.);
#539=EDGE_CURVE('',#442,#442,#58,.T.);
#540=EDGE_CURVE('',#442,#441,#272,.T.);
#541=EDGE_CURVE('',#443,#444,#273,.T.);
#542=EDGE_CURVE('',#445,#444,#274,.T.);
#543=EDGE_CURVE('',#445,#446,#275,.T.);
#544=EDGE_CURVE('',#446,#443,#276,.T.);
#545=EDGE_CURVE('',#443,#447,#277,.T.);
#546=EDGE_CURVE('',#448,#447,#278,.T.);
#547=EDGE_CURVE('',#444,#448,#279,.T.);
#548=EDGE_CURVE('',#449,#450,#280,.T.);
#549=EDGE_CURVE('',#448,#450,#281,.T.);
#550=EDGE_CURVE('',#447,#449,#282,.T.);
#551=EDGE_CURVE('',#450,#445,#283,.T.);
#552=EDGE_CURVE('',#449,#446,#284,.T.);
#553=EDGE_CURVE('',#451,#452,#285,.T.);
#554=EDGE_CURVE('',#452,#453,#286,.T.);
#555=EDGE_CURVE('',#453,#454,#287,.T.);
#556=EDGE_CURVE('',#454,#451,#288,.T.);
#557=EDGE_CURVE('',#455,#453,#289,.T.);
#558=EDGE_CURVE('',#456,#455,#290,.T.);
#559=EDGE_CURVE('',#456,#454,#291,.T.);
#560=EDGE_CURVE('',#452,#457,#292,.T.);
#561=EDGE_CURVE('',#455,#457,#293,.T.);
#562=EDGE_CURVE('',#457,#458,#294,.T.);
#563=EDGE_CURVE('',#458,#456,#295,.T.);
#564=EDGE_CURVE('',#451,#458,#296,.T.);
#565=EDGE_CURVE('',#459,#460,#297,.T.);
#566=EDGE_CURVE('',#460,#461,#298,.T.);
#567=EDGE_CURVE('',#461,#462,#299,.T.);
#568=EDGE_CURVE('',#462,#459,#300,.T.);
#569=EDGE_CURVE('',#463,#461,#301,.T.);
#570=EDGE_CURVE('',#464,#463,#302,.T.);
#571=EDGE_CURVE('',#464,#462,#303,.T.);
#572=EDGE_CURVE('',#460,#465,#304,.T.);
#573=EDGE_CURVE('',#463,#465,#305,.T.);
#574=EDGE_CURVE('',#465,#466,#306,.T.);
#575=EDGE_CURVE('',#466,#464,#307,.T.);
#576=EDGE_CURVE('',#459,#466,#308,.T.);
#577=EDGE_CURVE('',#467,#468,#309,.T.);
#578=EDGE_CURVE('',#469,#468,#310,.T.);
#579=EDGE_CURVE('',#469,#470,#311,.T.);
#580=EDGE_CURVE('',#470,#467,#312,.T.);
#581=EDGE_CURVE('',#467,#471,#313,.T.);
#582=EDGE_CURVE('',#472,#471,#314,.T.);
#583=EDGE_CURVE('',#468,#472,#315,.T.);
#584=EDGE_CURVE('',#473,#474,#316,.T.);
#585=EDGE_CURVE('',#472,#474,#317,.T.);
#586=EDGE_CURVE('',#471,#473,#318,.T.);
#587=EDGE_CURVE('',#474,#469,#319,.T.);
#588=EDGE_CURVE('',#473,#470,#320,.T.);
#589=EDGE_CURVE('',#475,#475,#229,.T.);
#590=EDGE_CURVE('',#476,#475,#230,.T.);
#591=EDGE_CURVE('',#476,#476,#231,.T.);
#592=EDGE_CURVE('',#477,#477,#232,.T.);
#593=EDGE_CURVE('',#478,#477,#233,.T.);
#594=EDGE_CURVE('',#478,#478,#234,.T.);
#595=ORIENTED_EDGE('',*,*,#479,.T.);
#596=ORIENTED_EDGE('',*,*,#480,.T.);
#597=ORIENTED_EDGE('',*,*,#481,.T.);
#598=ORIENTED_EDGE('',*,*,#482,.F.);
#599=ORIENTED_EDGE('',*,*,#483,.T.);
#600=ORIENTED_EDGE('',*,*,#480,.F.);
#601=ORIENTED_EDGE('',*,*,#484,.T.);
#602=ORIENTED_EDGE('',*,*,#485,.T.);
#603=ORIENTED_EDGE('',*,*,#486,.T.);
#604=ORIENTED_EDGE('',*,*,#485,.F.);
#605=ORIENTED_EDGE('',*,*,#487,.T.);
#606=ORIENTED_EDGE('',*,*,#488,.T.);
#607=ORIENTED_EDGE('',*,*,#489,.T.);
#608=ORIENTED_EDGE('',*,*,#488,.F.);
#609=ORIENTED_EDGE('',*,*,#490,.T.);
#610=ORIENTED_EDGE('',*,*,#482,.T.);
#611=ORIENTED_EDGE('',*,*,#489,.F.);
#612=ORIENTED_EDGE('',*,*,#491,.F.);
#613=ORIENTED_EDGE('',*,*,#492,.F.);
#614=ORIENTED_EDGE('',*,*,#493,.T.);
#615=ORIENTED_EDGE('',*,*,#481,.F.);
#616=ORIENTED_EDGE('',*,*,#494,.F.);
#617=ORIENTED_EDGE('',*,*,#495,.F.);
#618=ORIENTED_EDGE('',*,*,#491,.T.);
#619=ORIENTED_EDGE('',*,*,#479,.F.);
#620=ORIENTED_EDGE('',*,*,#490,.F.);
#621=ORIENTED_EDGE('',*,*,#487,.F.);
#622=ORIENTED_EDGE('',*,*,#484,.F.);
#623=ORIENTED_EDGE('',*,*,#486,.F.);
#624=ORIENTED_EDGE('',*,*,#493,.F.);
#625=ORIENTED_EDGE('',*,*,#496,.F.);
#626=ORIENTED_EDGE('',*,*,#497,.T.);
#627=ORIENTED_EDGE('',*,*,#483,.F.);
#628=ORIENTED_EDGE('',*,*,#497,.F.);
#629=ORIENTED_EDGE('',*,*,#498,.F.);
#630=ORIENTED_EDGE('',*,*,#494,.T.);
#631=ORIENTED_EDGE('',*,*,#499,.F.);
#632=ORIENTED_EDGE('',*,*,#500,.F.);
#633=ORIENTED_EDGE('',*,*,#501,.F.);
#634=ORIENTED_EDGE('',*,*,#502,.F.);
#635=ORIENTED_EDGE('',*,*,#503,.F.);
#636=ORIENTED_EDGE('',*,*,#504,.F.);
#637=ORIENTED_EDGE('',*,*,#505,.F.);
#638=ORIENTED_EDGE('',*,*,#506,.F.);
#639=ORIENTED_EDGE('',*,*,#495,.T.);
#640=ORIENTED_EDGE('',*,*,#498,.T.);
#641=ORIENTED_EDGE('',*,*,#496,.T.);
#642=ORIENTED_EDGE('',*,*,#492,.T.);
#643=ORIENTED_EDGE('',*,*,#506,.T.);
#644=ORIENTED_EDGE('',*,*,#507,.F.);
#645=ORIENTED_EDGE('',*,*,#508,.F.);
#646=ORIENTED_EDGE('',*,*,#509,.F.);
#647=ORIENTED_EDGE('',*,*,#505,.T.);
#648=ORIENTED_EDGE('',*,*,#510,.T.);
#649=ORIENTED_EDGE('',*,*,#511,.T.);
#650=ORIENTED_EDGE('',*,*,#507,.T.);
#651=ORIENTED_EDGE('',*,*,#504,.T.);
#652=ORIENTED_EDGE('',*,*,#512,.F.);
#653=ORIENTED_EDGE('',*,*,#513,.F.);
#654=ORIENTED_EDGE('',*,*,#510,.F.);
#655=ORIENTED_EDGE('',*,*,#503,.T.);
#656=ORIENTED_EDGE('',*,*,#514,.T.);
#657=ORIENTED_EDGE('',*,*,#515,.T.);
#658=ORIENTED_EDGE('',*,*,#512,.T.);
#659=ORIENTED_EDGE('',*,*,#516,.F.);
#660=ORIENTED_EDGE('',*,*,#517,.F.);
#661=ORIENTED_EDGE('',*,*,#518,.F.);
#662=ORIENTED_EDGE('',*,*,#501,.T.);
#663=ORIENTED_EDGE('',*,*,#519,.T.);
#664=ORIENTED_EDGE('',*,*,#517,.T.);
#665=ORIENTED_EDGE('',*,*,#520,.T.);
#666=ORIENTED_EDGE('',*,*,#521,.F.);
#667=ORIENTED_EDGE('',*,*,#515,.F.);
#668=ORIENTED_EDGE('',*,*,#522,.F.);
#669=ORIENTED_EDGE('',*,*,#516,.T.);
#670=ORIENTED_EDGE('',*,*,#523,.T.);
#671=ORIENTED_EDGE('',*,*,#522,.T.);
#672=ORIENTED_EDGE('',*,*,#524,.T.);
#673=ORIENTED_EDGE('',*,*,#525,.F.);
#674=ORIENTED_EDGE('',*,*,#526,.F.);
#675=ORIENTED_EDGE('',*,*,#527,.F.);
#676=ORIENTED_EDGE('',*,*,#499,.T.);
#677=ORIENTED_EDGE('',*,*,#509,.T.);
#678=ORIENTED_EDGE('',*,*,#526,.T.);
#679=ORIENTED_EDGE('',*,*,#528,.T.);
#680=ORIENTED_EDGE('',*,*,#529,.F.);
#681=ORIENTED_EDGE('',*,*,#511,.F.);
#682=ORIENTED_EDGE('',*,*,#530,.F.);
#683=ORIENTED_EDGE('',*,*,#521,.T.);
#684=ORIENTED_EDGE('',*,*,#531,.T.);
#685=ORIENTED_EDGE('',*,*,#530,.T.);
#686=ORIENTED_EDGE('',*,*,#513,.T.);
#687=ORIENTED_EDGE('',*,*,#529,.T.);
#688=ORIENTED_EDGE('',*,*,#532,.T.);
#689=ORIENTED_EDGE('',*,*,#527,.T.);
#690=ORIENTED_EDGE('',*,*,#508,.T.);
#691=ORIENTED_EDGE('',*,*,#525,.T.);
#692=ORIENTED_EDGE('',*,*,#533,.T.);
#693=ORIENTED_EDGE('',*,*,#518,.T.);
#694=ORIENTED_EDGE('',*,*,#534,.T.);
#695=ORIENTED_EDGE('',*,*,#502,.T.);
#696=ORIENTED_EDGE('',*,*,#520,.F.);
#697=ORIENTED_EDGE('',*,*,#524,.F.);
#698=ORIENTED_EDGE('',*,*,#514,.F.);
#699=ORIENTED_EDGE('',*,*,#523,.F.);
#700=ORIENTED_EDGE('',*,*,#533,.F.);
#701=ORIENTED_EDGE('',*,*,#532,.F.);
#702=ORIENTED_EDGE('',*,*,#531,.F.);
#703=ORIENTED_EDGE('',*,*,#500,.T.);
#704=ORIENTED_EDGE('',*,*,#528,.F.);
#705=ORIENTED_EDGE('',*,*,#534,.F.);
#706=ORIENTED_EDGE('',*,*,#519,.F.);
#707=ORIENTED_EDGE('',*,*,#535,.F.);
#708=ORIENTED_EDGE('',*,*,#536,.T.);
#709=ORIENTED_EDGE('',*,*,#537,.F.);
#710=ORIENTED_EDGE('',*,*,#536,.F.);
#711=ORIENTED_EDGE('',*,*,#537,.T.);
#712=ORIENTED_EDGE('',*,*,#535,.T.);
#713=ORIENTED_EDGE('',*,*,#538,.T.);
#714=ORIENTED_EDGE('',*,*,#539,.F.);
#715=ORIENTED_EDGE('',*,*,#540,.T.);
#716=ORIENTED_EDGE('',*,*,#538,.F.);
#717=ORIENTED_EDGE('',*,*,#540,.F.);
#718=ORIENTED_EDGE('',*,*,#539,.T.);
#719=ORIENTED_EDGE('',*,*,#541,.T.);
#720=ORIENTED_EDGE('',*,*,#542,.F.);
#721=ORIENTED_EDGE('',*,*,#543,.T.);
#722=ORIENTED_EDGE('',*,*,#544,.T.);
#723=ORIENTED_EDGE('',*,*,#541,.F.);
#724=ORIENTED_EDGE('',*,*,#545,.T.);
#725=ORIENTED_EDGE('',*,*,#546,.F.);
#726=ORIENTED_EDGE('',*,*,#547,.F.);
#727=ORIENTED_EDGE('',*,*,#548,.T.);
#728=ORIENTED_EDGE('',*,*,#549,.F.);
#729=ORIENTED_EDGE('',*,*,#546,.T.);
#730=ORIENTED_EDGE('',*,*,#550,.T.);
#731=ORIENTED_EDGE('',*,*,#543,.F.);
#732=ORIENTED_EDGE('',*,*,#551,.F.);
#733=ORIENTED_EDGE('',*,*,#548,.F.);
#734=ORIENTED_EDGE('',*,*,#552,.T.);
#735=ORIENTED_EDGE('',*,*,#549,.T.);
#736=ORIENTED_EDGE('',*,*,#551,.T.);
#737=ORIENTED_EDGE('',*,*,#542,.T.);
#738=ORIENTED_EDGE('',*,*,#547,.T.);
#739=ORIENTED_EDGE('',*,*,#544,.F.);
#740=ORIENTED_EDGE('',*,*,#552,.F.);
#741=ORIENTED_EDGE('',*,*,#550,.F.);
#742=ORIENTED_EDGE('',*,*,#545,.F.);
#743=ORIENTED_EDGE('',*,*,#553,.T.);
#744=ORIENTED_EDGE('',*,*,#554,.T.);
#745=ORIENTED_EDGE('',*,*,#555,.T.);
#746=ORIENTED_EDGE('',*,*,#556,.T.);
#747=ORIENTED_EDGE('',*,*,#555,.F.);
#748=ORIENTED_EDGE('',*,*,#557,.F.);
#749=ORIENTED_EDGE('',*,*,#558,.F.);
#750=ORIENTED_EDGE('',*,*,#559,.T.);
#751=ORIENTED_EDGE('',*,*,#554,.F.);
#752=ORIENTED_EDGE('',*,*,#560,.T.);
#753=ORIENTED_EDGE('',*,*,#561,.F.);
#754=ORIENTED_EDGE('',*,*,#557,.T.);
#755=ORIENTED_EDGE('',*,*,#558,.T.);
#756=ORIENTED_EDGE('',*,*,#561,.T.);
#757=ORIENTED_EDGE('',*,*,#562,.T.);
#758=ORIENTED_EDGE('',*,*,#563,.T.);
#759=ORIENTED_EDGE('',*,*,#553,.F.);
#760=ORIENTED_EDGE('',*,*,#564,.T.);
#761=ORIENTED_EDGE('',*,*,#562,.F.);
#762=ORIENTED_EDGE('',*,*,#560,.F.);
#763=ORIENTED_EDGE('',*,*,#556,.F.);
#764=ORIENTED_EDGE('',*,*,#559,.F.);
#765=ORIENTED_EDGE('',*,*,#563,.F.);
#766=ORIENTED_EDGE('',*,*,#564,.F.);
#767=ORIENTED_EDGE('',*,*,#565,.T.);
#768=ORIENTED_EDGE('',*,*,#566,.T.);
#769=ORIENTED_EDGE('',*,*,#567,.T.);
#770=ORIENTED_EDGE('',*,*,#568,.T.);
#771=ORIENTED_EDGE('',*,*,#567,.F.);
#772=ORIENTED_EDGE('',*,*,#569,.F.);
#773=ORIENTED_EDGE('',*,*,#570,.F.);
#774=ORIENTED_EDGE('',*,*,#571,.T.);
#775=ORIENTED_EDGE('',*,*,#566,.F.);
#776=ORIENTED_EDGE('',*,*,#572,.T.);
#777=ORIENTED_EDGE('',*,*,#573,.F.);
#778=ORIENTED_EDGE('',*,*,#569,.T.);
#779=ORIENTED_EDGE('',*,*,#570,.T.);
#780=ORIENTED_EDGE('',*,*,#573,.T.);
#781=ORIENTED_EDGE('',*,*,#574,.T.);
#782=ORIENTED_EDGE('',*,*,#575,.T.);
#783=ORIENTED_EDGE('',*,*,#565,.F.);
#784=ORIENTED_EDGE('',*,*,#576,.T.);
#785=ORIENTED_EDGE('',*,*,#574,.F.);
#786=ORIENTED_EDGE('',*,*,#572,.F.);
#787=ORIENTED_EDGE('',*,*,#568,.F.);
#788=ORIENTED_EDGE('',*,*,#571,.F.);
#789=ORIENTED_EDGE('',*,*,#575,.F.);
#790=ORIENTED_EDGE('',*,*,#576,.F.);
#791=ORIENTED_EDGE('',*,*,#577,.T.);
#792=ORIENTED_EDGE('',*,*,#578,.F.);
#793=ORIENTED_EDGE('',*,*,#579,.T.);
#794=ORIENTED_EDGE('',*,*,#580,.T.);
#795=ORIENTED_EDGE('',*,*,#577,.F.);
#796=ORIENTED_EDGE('',*,*,#581,.T.);
#797=ORIENTED_EDGE('',*,*,#582,.F.);
#798=ORIENTED_EDGE('',*,*,#583,.F.);
#799=ORIENTED_EDGE('',*,*,#584,.T.);
#800=ORIENTED_EDGE('',*,*,#585,.F.);
#801=ORIENTED_EDGE('',*,*,#582,.T.);
#802=ORIENTED_EDGE('',*,*,#586,.T.);
#803=ORIENTED_EDGE('',*,*,#579,.F.);
#804=ORIENTED_EDGE('',*,*,#587,.F.);
#805=ORIENTED_EDGE('',*,*,#584,.F.);
#806=ORIENTED_EDGE('',*,*,#588,.T.);
#807=ORIENTED_EDGE('',*,*,#578,.T.);
#808=ORIENTED_EDGE('',*,*,#583,.T.);
#809=ORIENTED_EDGE('',*,*,#585,.T.);
#810=ORIENTED_EDGE('',*,*,#587,.T.);
#811=ORIENTED_EDGE('',*,*,#580,.F.);
#812=ORIENTED_EDGE('',*,*,#588,.F.);
#813=ORIENTED_EDGE('',*,*,#586,.F.);
#814=ORIENTED_EDGE('',*,*,#581,.F.);
#815=ORIENTED_EDGE('',*,*,#589,.F.);
#816=ORIENTED_EDGE('',*,*,#590,.F.);
#817=ORIENTED_EDGE('',*,*,#591,.F.);
#818=ORIENTED_EDGE('',*,*,#590,.T.);
#819=ORIENTED_EDGE('',*,*,#591,.T.);
#820=ORIENTED_EDGE('',*,*,#589,.T.);
#821=ORIENTED_EDGE('',*,*,#592,.F.);
#822=ORIENTED_EDGE('',*,*,#593,.F.);
#823=ORIENTED_EDGE('',*,*,#594,.F.);
#824=ORIENTED_EDGE('',*,*,#593,.T.);
#825=ORIENTED_EDGE('',*,*,#594,.T.);
#826=ORIENTED_EDGE('',*,*,#592,.T.);
#827=B_SPLINE_SURFACE_WITH_KNOTS('',3,3,((#1250,#1251,#1252,#1253),(#1254,
#1255,#1256,#1257),(#1258,#1259,#1260,#1261),(#1262,#1263,#1264,#1265),
(#1266,#1267,#1268,#1269),(#1270,#1271,#1272,#1273),(#1274,#1275,#1276,
#1277),(#1278,#1279,#1280,#1281)),.UNSPECIFIED.,.F.,.F.,.F.,(4,1,1,1,1,
4),(4,4),(0.,0.285714285714286,0.571428571428571,0.714285714285714,0.857142857142857,
1.),(-0.0550002475776674,0.165000247672017),.UNSPECIFIED.);
#828=B_SPLINE_SURFACE_WITH_KNOTS('',3,3,((#1312,#1313,#1314,#1315),(#1316,
#1317,#1318,#1319),(#1320,#1321,#1322,#1323),(#1324,#1325,#1326,#1327),
(#1328,#1329,#1330,#1331),(#1332,#1333,#1334,#1335),(#1336,#1337,#1338,
#1339),(#1340,#1341,#1342,#1343)),.UNSPECIFIED.,.F.,.F.,.F.,(4,1,1,1,1,
4),(4,4),(0.,0.285714285714286,0.571428571428571,0.714285714285714,0.857142857142857,
1.),(-0.0950002476720181,0.285000247577667),.UNSPECIFIED.);
#829=B_SPLINE_SURFACE_WITH_KNOTS('',3,3,((#1360,#1361,#1362,#1363),(#1364,
#1365,#1366,#1367),(#1368,#1369,#1370,#1371),(#1372,#1373,#1374,#1375),
(#1376,#1377,#1378,#1379),(#1380,#1381,#1382,#1383),(#1384,#1385,#1386,
#1387),(#1388,#1389,#1390,#1391)),.UNSPECIFIED.,.F.,.F.,.F.,(4,1,1,1,1,
4),(4,4),(0.,0.285714285714286,0.571428571428571,0.714285714285714,0.857142857142857,
1.),(-0.0550002475776667,0.165000247672019),.UNSPECIFIED.);
#830=B_SPLINE_SURFACE_WITH_KNOTS('',3,3,((#1408,#1409,#1410,#1411),(#1412,
#1413,#1414,#1415),(#1416,#1417,#1418,#1419),(#1420,#1421,#1422,#1423),
(#1424,#1425,#1426,#1427),(#1428,#1429,#1430,#1431),(#1432,#1433,#1434,
#1435),(#1436,#1437,#1438,#1439)),.UNSPECIFIED.,.F.,.F.,.F.,(4,1,1,1,1,
4),(4,4),(0.,0.285714285714286,0.571428571428571,0.714285714285714,0.857142857142857,
1.),(-0.0950002476720191,0.285000247577667),.UNSPECIFIED.);
#831=B_SPLINE_SURFACE_WITH_KNOTS('',3,3,((#1653,#1654,#1655,#1656),(#1657,
#1658,#1659,#1660),(#1661,#1662,#1663,#1664),(#1665,#1666,#1667,#1668),
(#1669,#1670,#1671,#1672),(#1673,#1674,#1675,#1676),(#1677,#1678,#1679,
#1680),(#1681,#1682,#1683,#1684),(#1685,#1686,#1687,#1688),(#1689,#1690,
#1691,#1692),(#1693,#1694,#1695,#1696),(#1697,#1698,#1699,#1700),(#1701,
#1702,#1703,#1704),(#1705,#1706,#1707,#1708)),.UNSPECIFIED.,.T.,.F.,.F.,
(4,1,2,1,2,1,2,1,4),(4,4),(0.,0.125,0.25,0.375,0.5,0.625,0.75,0.875,1.),
(0.235427363737231,0.67931792985612),.UNSPECIFIED.);
#832=B_SPLINE_SURFACE_WITH_KNOTS('',3,3,((#1766,#1767,#1768,#1769),(#1770,
#1771,#1772,#1773),(#1774,#1775,#1776,#1777),(#1778,#1779,#1780,#1781),
(#1782,#1783,#1784,#1785),(#1786,#1787,#1788,#1789),(#1790,#1791,#1792,
#1793),(#1794,#1795,#1796,#1797),(#1798,#1799,#1800,#1801),(#1802,#1803,
#1804,#1805),(#1806,#1807,#1808,#1809),(#1810,#1811,#1812,#1813),(#1814,
#1815,#1816,#1817),(#1818,#1819,#1820,#1821)),.UNSPECIFIED.,.T.,.F.,.F.,
(4,1,2,1,2,1,2,1,4),(4,4),(0.,0.125,0.25,0.375,0.5,0.625,0.75,0.875,1.),
(0.235427363737231,0.67931792985612),.UNSPECIFIED.);
#833=STYLED_ITEM('',(#1900),#853);
#834=STYLED_ITEM('',(#1900),#854);
#835=STYLED_ITEM('',(#1900),#855);
#836=STYLED_ITEM('',(#1900),#856);
#837=STYLED_ITEM('',(#1900),#859);
#838=STYLED_ITEM('',(#1899),#13);
#839=STYLED_ITEM('',(#1902),#880);
#840=STYLED_ITEM('',(#1902),#882);
#841=STYLED_ITEM('',(#1901),#14);
#842=STYLED_ITEM('',(#1902),#884);
#843=STYLED_ITEM('',(#1902),#885);
#844=STYLED_ITEM('',(#1901),#15);
#845=STYLED_ITEM('',(#1899),#16);
#846=STYLED_ITEM('',(#1899),#17);
#847=STYLED_ITEM('',(#1899),#18);
#848=STYLED_ITEM('',(#1899),#19);
#849=STYLED_ITEM('',(#1900),#910);
#850=STYLED_ITEM('',(#1898),#20);
#851=STYLED_ITEM('',(#1900),#912);
#852=STYLED_ITEM('',(#1898),#21);
#853=ADVANCED_FACE('',(#100),#827,.T.);
#854=ADVANCED_FACE('',(#101),#828,.T.);
#855=ADVANCED_FACE('',(#102),#829,.T.);
#856=ADVANCED_FACE('',(#103),#830,.T.);
#857=ADVANCED_FACE('',(#104),#59,.F.);
#858=ADVANCED_FACE('',(#105),#60,.F.);
#859=ADVANCED_FACE('',(#106),#61,.F.);
#860=ADVANCED_FACE('',(#107),#62,.F.);
#861=ADVANCED_FACE('',(#108),#63,.F.);
#862=ADVANCED_FACE('',(#109,#36),#64,.F.);
#863=ADVANCED_FACE('',(#110),#65,.T.);
#864=ADVANCED_FACE('',(#111),#26,.T.);
#865=ADVANCED_FACE('',(#112),#66,.T.);
#866=ADVANCED_FACE('',(#113),#27,.T.);
#867=ADVANCED_FACE('',(#114),#22,.T.);
#868=ADVANCED_FACE('',(#115),#28,.T.);
#869=ADVANCED_FACE('',(#116),#23,.T.);
#870=ADVANCED_FACE('',(#117),#29,.T.);
#871=ADVANCED_FACE('',(#118),#24,.T.);
#872=ADVANCED_FACE('',(#119),#30,.T.);
#873=ADVANCED_FACE('',(#120),#25,.T.);
#874=ADVANCED_FACE('',(#121),#31,.T.);
#875=ADVANCED_FACE('',(#122),#32,.T.);
#876=ADVANCED_FACE('',(#123),#33,.T.);
#877=ADVANCED_FACE('',(#124),#67,.T.);
#878=ADVANCED_FACE('',(#125),#68,.T.);
#879=ADVANCED_FACE('',(#126),#69,.T.);
#880=ADVANCED_FACE('',(#127),#34,.T.);
#881=ADVANCED_FACE('',(#128),#70,.T.);
#882=ADVANCED_FACE('',(#129),#71,.F.);
#883=ADVANCED_FACE('',(#130),#72,.T.);
#884=ADVANCED_FACE('',(#131),#35,.T.);
#885=ADVANCED_FACE('',(#132),#73,.F.);
#886=ADVANCED_FACE('',(#133),#74,.T.);
#887=ADVANCED_FACE('',(#134),#75,.T.);
#888=ADVANCED_FACE('',(#135),#76,.T.);
#889=ADVANCED_FACE('',(#136),#77,.T.);
#890=ADVANCED_FACE('',(#137),#78,.T.);
#891=ADVANCED_FACE('',(#138),#79,.F.);
#892=ADVANCED_FACE('',(#139),#80,.T.);
#893=ADVANCED_FACE('',(#140),#81,.F.);
#894=ADVANCED_FACE('',(#141),#82,.T.);
#895=ADVANCED_FACE('',(#142),#83,.T.);
#896=ADVANCED_FACE('',(#143),#84,.F.);
#897=ADVANCED_FACE('',(#144),#85,.F.);
#898=ADVANCED_FACE('',(#145),#86,.T.);
#899=ADVANCED_FACE('',(#146),#87,.F.);
#900=ADVANCED_FACE('',(#147),#88,.T.);
#901=ADVANCED_FACE('',(#148),#89,.T.);
#902=ADVANCED_FACE('',(#149),#90,.F.);
#903=ADVANCED_FACE('',(#150),#91,.F.);
#904=ADVANCED_FACE('',(#151),#92,.T.);
#905=ADVANCED_FACE('',(#152),#93,.T.);
#906=ADVANCED_FACE('',(#153),#94,.T.);
#907=ADVANCED_FACE('',(#154),#95,.T.);
#908=ADVANCED_FACE('',(#155),#96,.T.);
#909=ADVANCED_FACE('',(#156),#97,.F.);
#910=ADVANCED_FACE('',(#157),#831,.T.);
#911=ADVANCED_FACE('',(#158,#37),#98,.F.);
#912=ADVANCED_FACE('',(#159),#832,.T.);
#913=ADVANCED_FACE('',(#160,#38),#99,.F.);
#914=CLOSED_SHELL('',(#853,#854,#855,#856,#857,#858,#859,#860,#861,#862,
#863,#864,#865,#866,#867,#868,#869,#870,#871,#872,#873,#874,#875,#876,#877,
#878,#879));
#915=CLOSED_SHELL('',(#880,#881,#882));
#916=CLOSED_SHELL('',(#883,#884,#885));
#917=CLOSED_SHELL('',(#886,#887,#888,#889,#890,#891));
#918=CLOSED_SHELL('',(#892,#893,#894,#895,#896,#897));
#919=CLOSED_SHELL('',(#898,#899,#900,#901,#902,#903));
#920=CLOSED_SHELL('',(#904,#905,#906,#907,#908,#909));
#921=CLOSED_SHELL('',(#910,#911));
#922=CLOSED_SHELL('',(#912,#913));
#923=DERIVED_UNIT_ELEMENT(#925,1.);
#924=DERIVED_UNIT_ELEMENT(#1884,-3.);
#925=(
MASS_UNIT()
NAMED_UNIT(*)
SI_UNIT(.KILO.,.GRAM.)
);
#926=DERIVED_UNIT((#923,#924));
#927=MEASURE_REPRESENTATION_ITEM('density measure',
POSITIVE_RATIO_MEASURE(7850.),#926);
#928=PROPERTY_DEFINITION_REPRESENTATION(#933,#930);
#929=PROPERTY_DEFINITION_REPRESENTATION(#934,#931);
#930=REPRESENTATION('material name',(#932),#1881);
#931=REPRESENTATION('density',(#927),#1881);
#932=DESCRIPTIVE_REPRESENTATION_ITEM('Steel','Steel');
#933=PROPERTY_DEFINITION('material property','material name',#1891);
#934=PROPERTY_DEFINITION('material property','density of part',#1891);
#935=AXIS2_PLACEMENT_3D('placement',#1249,#1011,#1012);
#936=AXIS2_PLACEMENT_3D('',#1442,#1021,#1022);
#937=AXIS2_PLACEMENT_3D('',#1448,#1026,#1027);
#938=AXIS2_PLACEMENT_3D('',#1452,#1030,#1031);
#939=AXIS2_PLACEMENT_3D('',#1453,#1032,#1033);
#940=AXIS2_PLACEMENT_3D('',#1457,#1036,#1037);
#941=AXIS2_PLACEMENT_3D('',#1459,#1039,#1040);
#942=AXIS2_PLACEMENT_3D('',#1462,#1041,#1042);
#943=AXIS2_PLACEMENT_3D('',#1466,#1044,#1045);
#944=AXIS2_PLACEMENT_3D('',#1470,#1047,#1048);
#945=AXIS2_PLACEMENT_3D('',#1474,#1050,#1051);
#946=AXIS2_PLACEMENT_3D('',#1476,#1053,#1054);
#947=AXIS2_PLACEMENT_3D('',#1482,#1058,#1059);
#948=AXIS2_PLACEMENT_3D('',#1485,#1061,#1062);
#949=AXIS2_PLACEMENT_3D('',#1486,#1063,#1064);
#950=AXIS2_PLACEMENT_3D('',#1490,#1067,#1068);
#951=AXIS2_PLACEMENT_3D('',#1493,#1070,#1071);
#952=AXIS2_PLACEMENT_3D('',#1494,#1072,#1073);
#953=AXIS2_PLACEMENT_3D('',#1497,#1074,#1075);
#954=AXIS2_PLACEMENT_3D('',#1499,#1076,#1077);
#955=AXIS2_PLACEMENT_3D('',#1500,#1078,#1079);
#956=AXIS2_PLACEMENT_3D('',#1501,#1080,#1081);
#957=AXIS2_PLACEMENT_3D('',#1504,#1084,#1085);
#958=AXIS2_PLACEMENT_3D('',#1506,#1086,#1087);
#959=AXIS2_PLACEMENT_3D('',#1507,#1088,#1089);
#960=AXIS2_PLACEMENT_3D('',#1508,#1090,#1091);
#961=AXIS2_PLACEMENT_3D('',#1511,#1094,#1095);
#962=AXIS2_PLACEMENT_3D('',#1514,#1096,#1097);
#963=AXIS2_PLACEMENT_3D('',#1515,#1098,#1099);
#964=AXIS2_PLACEMENT_3D('',#1516,#1100,#1101);
#965=AXIS2_PLACEMENT_3D('',#1517,#1102,#1103);
#966=AXIS2_PLACEMENT_3D('',#1519,#1105,#1106);
#967=AXIS2_PLACEMENT_3D('',#1521,#1107,#1108);
#968=AXIS2_PLACEMENT_3D('',#1522,#1109,#1110);
#969=AXIS2_PLACEMENT_3D('',#1523,#1111,#1112);
#970=AXIS2_PLACEMENT_3D('',#1525,#1114,#1115);
#971=AXIS2_PLACEMENT_3D('',#1527,#1117,#1118);
#972=AXIS2_PLACEMENT_3D('',#1530,#1121,#1122);
#973=AXIS2_PLACEMENT_3D('',#1531,#1123,#1124);
#974=AXIS2_PLACEMENT_3D('',#1532,#1125,#1126);
#975=AXIS2_PLACEMENT_3D('',#1533,#1127,#1128);
#976=AXIS2_PLACEMENT_3D('',#1535,#1129,#1130);
#977=AXIS2_PLACEMENT_3D('',#1538,#1132,#1133);
#978=AXIS2_PLACEMENT_3D('',#1539,#1134,#1135);
#979=AXIS2_PLACEMENT_3D('',#1540,#1136,#1137);
#980=AXIS2_PLACEMENT_3D('',#1541,#1138,#1139);
#981=AXIS2_PLACEMENT_3D('',#1543,#1140,#1141);
#982=AXIS2_PLACEMENT_3D('',#1544,#1142,#1143);
#983=AXIS2_PLACEMENT_3D('',#1546,#1144,#1145);
#984=AXIS2_PLACEMENT_3D('',#1548,#1147,#1148);
#985=AXIS2_PLACEMENT_3D('',#1549,#1149,#1150);
#986=AXIS2_PLACEMENT_3D('',#1558,#1155,#1156);
#987=AXIS2_PLACEMENT_3D('',#1564,#1160,#1161);
#988=AXIS2_PLACEMENT_3D('',#1570,#1165,#1166);
#989=AXIS2_PLACEMENT_3D('',#1573,#1169,#1170);
#990=AXIS2_PLACEMENT_3D('',#1574,#1171,#1172);
#991=AXIS2_PLACEMENT_3D('',#1575,#1173,#1174);
#992=AXIS2_PLACEMENT_3D('',#1584,#1179,#1180);
#993=AXIS2_PLACEMENT_3D('',#1590,#1184,#1185);
#994=AXIS2_PLACEMENT_3D('',#1594,#1188,#1189);
#995=AXIS2_PLACEMENT_3D('',#1598,#1192,#1193);
#996=AXIS2_PLACEMENT_3D('',#1600,#1195,#1196);
#997=AXIS2_PLACEMENT_3D('',#1601,#1197,#1198);
#998=AXIS2_PLACEMENT_3D('',#1610,#1203,#1204);
#999=AXIS2_PLACEMENT_3D('',#1616,#1208,#1209);
#1000=AXIS2_PLACEMENT_3D('',#1620,#1212,#1213);
#1001=AXIS2_PLACEMENT_3D('',#1624,#1216,#1217);
#1002=AXIS2_PLACEMENT_3D('',#1626,#1219,#1220);
#1003=AXIS2_PLACEMENT_3D('',#1627,#1221,#1222);
#1004=AXIS2_PLACEMENT_3D('',#1636,#1227,#1228);
#1005=AXIS2_PLACEMENT_3D('',#1642,#1232,#1233);
#1006=AXIS2_PLACEMENT_3D('',#1648,#1237,#1238);
#1007=AXIS2_PLACEMENT_3D('',#1651,#1241,#1242);
#1008=AXIS2_PLACEMENT_3D('',#1652,#1243,#1244);
#1009=AXIS2_PLACEMENT_3D('',#1765,#1245,#1246);
#1010=AXIS2_PLACEMENT_3D('',#1878,#1247,#1248);
#1011=DIRECTION('axis',(0.,0.,1.));
#1012=DIRECTION('refdir',(1.,0.,0.));
#1013=DIRECTION('',(8.2005109773449E-15,-1.,0.));
#1014=DIRECTION('',(-8.2005109773449E-15,1.,0.));
#1015=DIRECTION('',(-1.,1.50829641174404E-14,0.));
#1016=DIRECTION('',(1.,-1.50829641174404E-14,0.));
#1017=DIRECTION('',(7.56970244062602E-16,-1.,0.));
#1018=DIRECTION('',(-7.56970244062602E-16,1.,0.));
#1019=DIRECTION('',(1.,-1.20152426020288E-14,0.));
#1020=DIRECTION('',(-1.,1.20152426020288E-14,0.));
#1021=DIRECTION('center_axis',(1.20152426020288E-14,1.,0.));
#1022=DIRECTION('ref_axis',(-1.,1.20152426020288E-14,0.));
#1023=DIRECTION('',(0.,0.,1.));
#1024=DIRECTION('',(-1.,1.20152426020288E-14,0.));
#1025=DIRECTION('',(0.,0.,1.));
#1026=DIRECTION('center_axis',(-1.,-8.2005109773449E-15,0.));
#1027=DIRECTION('ref_axis',(8.2005109773449E-15,-1.,0.));
#1028=DIRECTION('',(0.,0.,1.));
#1029=DIRECTION('',(8.2005109773449E-15,-1.,0.));
#1030=DIRECTION('center_axis',(0.,0.,1.));
#1031=DIRECTION('ref_axis',(1.,0.,0.));
#1032=DIRECTION('center_axis',(1.,7.56970244062602E-16,0.));
#1033=DIRECTION('ref_axis',(-7.56970244062602E-16,1.,0.));
#1034=DIRECTION('',(-7.56970244062602E-16,1.,0.));
#1035=DIRECTION('',(0.,0.,1.));
#1036=DIRECTION('center_axis',(-1.50829641174404E-14,-1.,0.));
#1037=DIRECTION('ref_axis',(1.,-1.50829641174404E-14,0.));
#1038=DIRECTION('',(1.,-1.50829641174404E-14,0.));
#1039=DIRECTION('center_axis',(0.,0.,1.));
#1040=DIRECTION('ref_axis',(1.,0.,0.));
#1041=DIRECTION('center_axis',(0.,0.,1.));
#1042=DIRECTION('ref_axis',(-0.707106781186546,0.707106781186549,0.));
#1043=DIRECTION('',(-1.,1.20676415720125E-14,0.));
#1044=DIRECTION('center_axis',(0.,0.,1.));
#1045=DIRECTION('ref_axis',(0.707106781186552,0.707106781186543,0.));
#1046=DIRECTION('',(-7.40148683083434E-16,1.,0.));
#1047=DIRECTION('center_axis',(0.,0.,1.));
#1048=DIRECTION('ref_axis',(0.707106781186542,-0.707106781186553,0.));
#1049=DIRECTION('',(1.,-1.50845519650157E-14,0.));
#1050=DIRECTION('center_axis',(0.,0.,1.));
#1051=DIRECTION('ref_axis',(-0.707106781186551,-0.707106781186544,0.));
#1052=DIRECTION('',(8.14163551391781E-15,-1.,0.));
#1053=DIRECTION('center_axis',(-1.,-8.14163551391781E-15,0.));
#1054=DIRECTION('ref_axis',(8.14163551391781E-15,-1.,0.));
#1055=DIRECTION('',(0.,0.,-1.));
#1056=DIRECTION('',(8.14163551391781E-15,-1.,0.));
#1057=DIRECTION('',(0.,0.,1.));
#1058=DIRECTION('center_axis',(0.,0.,1.));
#1059=DIRECTION('ref_axis',(-0.707106781186551,-0.707106781186544,0.));
#1060=DIRECTION('',(0.,0.,1.));
#1061=DIRECTION('center_axis',(0.,0.,1.));
#1062=DIRECTION('ref_axis',(-1.49880108324396E-14,-1.,0.));
#1063=DIRECTION('center_axis',(-1.50845519650157E-14,-1.,0.));
#1064=DIRECTION('ref_axis',(1.,-1.50845519650157E-14,0.));
#1065=DIRECTION('',(0.,0.,-1.));
#1066=DIRECTION('',(1.,-1.50845519650157E-14,0.));
#1067=DIRECTION('center_axis',(0.,0.,1.));
#1068=DIRECTION('ref_axis',(0.707106781186542,-0.707106781186553,0.));
#1069=DIRECTION('',(0.,0.,1.));
#1070=DIRECTION('center_axis',(0.,0.,1.));
#1071=DIRECTION('ref_axis',(1.,8.32667268468867E-16,0.));
#1072=DIRECTION('center_axis',(0.408248290463864,0.408248290463859,-0.816496580927728));
#1073=DIRECTION('ref_axis',(0.57735026918963,0.577350269189623,0.577350269189624));
#1074=DIRECTION('center_axis',(-8.32667268468867E-16,1.,5.55111512312578E-16));
#1075=DIRECTION('ref_axis',(1.,8.32667268468867E-16,0.));
#1076=DIRECTION('center_axis',(0.,0.,1.));
#1077=DIRECTION('ref_axis',(1.22124532708767E-14,1.,0.));
#1078=DIRECTION('center_axis',(1.,-1.16573417585641E-14,0.));
#1079=DIRECTION('ref_axis',(0.,0.,1.));
#1080=DIRECTION('center_axis',(0.,0.,1.));
#1081=DIRECTION('ref_axis',(0.707106781186552,0.707106781186543,0.));
#1082=DIRECTION('',(0.,0.,1.));
#1083=DIRECTION('',(0.,0.,-1.));
#1084=DIRECTION('center_axis',(-0.408248290463862,-0.816496580927724,-0.408248290463868));
#1085=DIRECTION('ref_axis',(0.57735026918962,-0.577350269189628,0.577350269189629));
#1086=DIRECTION('center_axis',(1.,-1.55431223447522E-14,0.));
#1087=DIRECTION('ref_axis',(-1.55431223447522E-14,-1.,0.));
#1088=DIRECTION('center_axis',(1.11022302462516E-15,-1.,0.));
#1089=DIRECTION('ref_axis',(0.,0.,1.));
#1090=DIRECTION('center_axis',(-7.40148683083434E-16,1.,0.));
#1091=DIRECTION('ref_axis',(0.707106781186548,3.92523114670943E-16,0.707106781186548));
#1092=DIRECTION('',(7.40148683083434E-16,-1.,0.));
#1093=DIRECTION('',(-7.40148683083434E-16,1.,0.));
#1094=DIRECTION('center_axis',(-0.40824829046386,-0.816496580927727,0.408248290463865));
#1095=DIRECTION('ref_axis',(-0.577350269189622,0.577350269189625,0.57735026918963));
#1096=DIRECTION('center_axis',(-1.,1.16573417585641E-14,0.));
#1097=DIRECTION('ref_axis',(1.16573417585641E-14,1.,0.));
#1098=DIRECTION('center_axis',(0.,0.,1.));
#1099=DIRECTION('ref_axis',(-1.,-8.04911692853238E-15,0.));
#1100=DIRECTION('center_axis',(-8.32667268468867E-15,1.,0.));
#1101=DIRECTION('ref_axis',(0.,0.,1.));
#1102=DIRECTION('center_axis',(0.,0.,1.));
#1103=DIRECTION('ref_axis',(-0.707106781186546,0.707106781186549,0.));
#1104=DIRECTION('',(0.,0.,-1.));
#1105=DIRECTION('center_axis',(-0.408248290463862,-0.408248290463859,-0.816496580927729));
#1106=DIRECTION('ref_axis',(-0.577350269189631,-0.577350269189626,0.577350269189621));
#1107=DIRECTION('center_axis',(8.04911692853238E-15,-1.,5.55111512312578E-16));
#1108=DIRECTION('ref_axis',(-1.,-8.04911692853238E-15,0.));
#1109=DIRECTION('center_axis',(-1.,1.49880108324396E-14,0.));
#1110=DIRECTION('ref_axis',(0.,0.,1.));
#1111=DIRECTION('center_axis',(1.,-1.50845519650157E-14,0.));
#1112=DIRECTION('ref_axis',(-1.05981240961155E-14,-0.707106781186547,0.707106781186548));
#1113=DIRECTION('',(-1.,1.50845519650157E-14,0.));
#1114=DIRECTION('center_axis',(8.14163551391781E-15,-1.,0.));
#1115=DIRECTION('ref_axis',(-0.707106781186548,-5.88784672006415E-15,0.707106781186548));
#1116=DIRECTION('',(-8.14163551391781E-15,1.,0.));
#1117=DIRECTION('center_axis',(-1.,1.20676415720125E-14,0.));
#1118=DIRECTION('ref_axis',(8.24298540808981E-15,0.707106781186547,0.707106781186548));
#1119=DIRECTION('',(1.,-1.20676415720125E-14,0.));
#1120=DIRECTION('',(-1.,1.20676415720125E-14,0.));
#1121=DIRECTION('center_axis',(1.,7.40148683083434E-16,0.));
#1122=DIRECTION('ref_axis',(-7.40148683083434E-16,1.,0.));
#1123=DIRECTION('center_axis',(0.,0.,1.));
#1124=DIRECTION('ref_axis',(1.,0.,0.));
#1125=DIRECTION('center_axis',(1.20676415720125E-14,1.,0.));
#1126=DIRECTION('ref_axis',(-1.,1.20676415720125E-14,0.));
#1127=DIRECTION('center_axis',(0.,0.,-1.));
#1128=DIRECTION('ref_axis',(1.,0.,0.));
#1129=DIRECTION('center_axis',(0.,0.,-1.));
#1130=DIRECTION('ref_axis',(1.,0.,0.));
#1131=DIRECTION('',(0.,0.,1.));
#1132=DIRECTION('center_axis',(0.,0.,1.));
#1133=DIRECTION('ref_axis',(1.,0.,0.));
#1134=DIRECTION('center_axis',(0.,0.,1.));
#1135=DIRECTION('ref_axis',(1.,0.,0.));
#1136=DIRECTION('center_axis',(0.,0.,1.));
#1137=DIRECTION('ref_axis',(1.,0.,0.));
#1138=DIRECTION('center_axis',(0.,0.,1.));
#1139=DIRECTION('ref_axis',(1.,0.,0.));
#1140=DIRECTION('center_axis',(0.,0.,1.));
#1141=DIRECTION('ref_axis',(1.,0.,0.));
#1142=DIRECTION('center_axis',(0.,0.,-1.));
#1143=DIRECTION('ref_axis',(1.,0.,0.));
#1144=DIRECTION('center_axis',(0.,0.,-1.));
#1145=DIRECTION('ref_axis',(1.,0.,0.));
#1146=DIRECTION('',(0.,0.,1.));
#1147=DIRECTION('center_axis',(0.,0.,1.));
#1148=DIRECTION('ref_axis',(1.,0.,0.));
#1149=DIRECTION('center_axis',(0.707106781186548,-6.37850061331869E-15,
-0.707106781186547));
#1150=DIRECTION('ref_axis',(-0.707106781186547,0.,-0.707106781186548));
#1151=DIRECTION('',(0.707106781186547,0.,0.707106781186548));
#1152=DIRECTION('',(9.02056207496039E-15,1.,0.));
#1153=DIRECTION('',(-0.707106781186547,4.16554252024661E-12,-0.707106781186548));
#1154=DIRECTION('',(9.02056207496039E-15,1.,0.));
#1155=DIRECTION('center_axis',(0.,1.,0.));
#1156=DIRECTION('ref_axis',(-1.,0.,0.));
#1157=DIRECTION('',(-1.,0.,0.));
#1158=DIRECTION('',(0.707106781186547,0.,-0.707106781186548));
#1159=DIRECTION('',(-1.,0.,0.));
#1160=DIRECTION('center_axis',(-0.707106781186548,6.28036983473549E-14,
-0.707106781186547));
#1161=DIRECTION('ref_axis',(-0.707106781186547,0.,0.707106781186548));
#1162=DIRECTION('',(-0.707106781186547,4.16554252024661E-12,0.707106781186548));
#1163=DIRECTION('',(-8.88178419700181E-14,-1.,0.));
#1164=DIRECTION('',(-8.88178419700181E-14,-1.,0.));
#1165=DIRECTION('center_axis',(-5.89096672677456E-12,-1.,0.));
#1166=DIRECTION('ref_axis',(1.,-5.89096672677456E-12,0.));
#1167=DIRECTION('',(1.,-5.89096672677456E-12,0.));
#1168=DIRECTION('',(1.,-5.89096672677456E-12,0.));
#1169=DIRECTION('center_axis',(0.,0.,1.));
#1170=DIRECTION('ref_axis',(1.,0.,0.));
#1171=DIRECTION('center_axis',(0.,0.,1.));
#1172=DIRECTION('ref_axis',(1.,0.,0.));
#1173=DIRECTION('center_axis',(0.707106781186548,6.28036983473549E-14,-0.707106781186547));
#1174=DIRECTION('ref_axis',(-0.707106781186547,0.,-0.707106781186548));
#1175=DIRECTION('',(-0.707106781186547,-4.16554252024661E-12,-0.707106781186548));
#1176=DIRECTION('',(-8.88178419700181E-14,1.,0.));
#1177=DIRECTION('',(0.707106781186547,0.,0.707106781186548));
#1178=DIRECTION('',(8.88178419700181E-14,-1.,0.));
#1179=DIRECTION('center_axis',(0.,-1.,0.));
#1180=DIRECTION('ref_axis',(1.,0.,0.));
#1181=DIRECTION('',(1.,0.,0.));
#1182=DIRECTION('',(0.707106781186547,0.,-0.707106781186548));
#1183=DIRECTION('',(1.,0.,0.));
#1184=DIRECTION('center_axis',(0.,0.,-1.));
#1185=DIRECTION('ref_axis',(-1.,0.,0.));
#1186=DIRECTION('',(-1.,-5.89096672677456E-12,0.));
#1187=DIRECTION('',(9.02056207496039E-15,-1.,0.));
#1188=DIRECTION('center_axis',(-0.707106781186548,-6.37850061331869E-15,
-0.707106781186547));
#1189=DIRECTION('ref_axis',(-0.707106781186547,0.,0.707106781186548));
#1190=DIRECTION('',(-0.707106781186547,-4.16554252024661E-12,0.707106781186548));
#1191=DIRECTION('',(-9.02056207496039E-15,1.,0.));
#1192=DIRECTION('center_axis',(-5.89096672677456E-12,1.,0.));
#1193=DIRECTION('ref_axis',(-1.,-5.89096672677456E-12,0.));
#1194=DIRECTION('',(-1.,-5.89096672677456E-12,0.));
#1195=DIRECTION('center_axis',(0.,0.,-1.));
#1196=DIRECTION('ref_axis',(-1.,0.,0.));
#1197=DIRECTION('center_axis',(-0.707106781186548,-6.28036983473549E-14,
-0.707106781186547));
#1198=DIRECTION('ref_axis',(-0.707106781186547,0.,0.707106781186548));
#1199=DIRECTION('',(0.707106781186547,4.16554252024661E-12,-0.707106781186548));
#1200=DIRECTION('',(8.88178419700181E-14,-1.,0.));
#1201=DIRECTION('',(-0.707106781186547,0.,0.707106781186548));
#1202=DIRECTION('',(-8.88178419700181E-14,1.,0.));
#1203=DIRECTION('center_axis',(0.,1.,0.));
#1204=DIRECTION('ref_axis',(-1.,0.,0.));
#1205=DIRECTION('',(-1.,0.,0.));
#1206=DIRECTION('',(-0.707106781186547,0.,-0.707106781186548));
#1207=DIRECTION('',(-1.,0.,0.));
#1208=DIRECTION('center_axis',(0.,0.,-1.));
#1209=DIRECTION('ref_axis',(1.,0.,0.));
#1210=DIRECTION('',(1.,5.89096672677456E-12,0.));
#1211=DIRECTION('',(-9.02056207496039E-15,1.,0.));
#1212=DIRECTION('center_axis',(0.707106781186548,6.37850061331869E-15,-0.707106781186547));
#1213=DIRECTION('ref_axis',(-0.707106781186547,0.,-0.707106781186548));
#1214=DIRECTION('',(0.707106781186547,4.16554252024661E-12,0.707106781186548));
#1215=DIRECTION('',(9.02056207496039E-15,-1.,0.));
#1216=DIRECTION('center_axis',(5.89096672677456E-12,-1.,0.));
#1217=DIRECTION('ref_axis',(1.,5.89096672677456E-12,0.));
#1218=DIRECTION('',(1.,5.89096672677456E-12,0.));
#1219=DIRECTION('center_axis',(0.,0.,-1.));
#1220=DIRECTION('ref_axis',(1.,0.,0.));
#1221=DIRECTION('center_axis',(0.707106781186548,-6.28036983473549E-14,
-0.707106781186547));
#1222=DIRECTION('ref_axis',(-0.707106781186547,0.,-0.707106781186548));
#1223=DIRECTION('',(0.707106781186547,-4.16554252024661E-12,0.707106781186548));
#1224=DIRECTION('',(8.88178419700181E-14,1.,0.));
#1225=DIRECTION('',(-0.707106781186547,0.,-0.707106781186548));
#1226=DIRECTION('',(8.88178419700181E-14,1.,0.));
#1227=DIRECTION('center_axis',(5.89096672677456E-12,1.,0.));
#1228=DIRECTION('ref_axis',(-1.,5.89096672677456E-12,0.));
#1229=DIRECTION('',(-1.,5.89096672677456E-12,0.));
#1230=DIRECTION('',(0.707106781186547,-4.16554252024661E-12,-0.707106781186548));
#1231=DIRECTION('',(-1.,5.89096672677456E-12,0.));
#1232=DIRECTION('center_axis',(-0.707106781186548,6.37850061331869E-15,
-0.707106781186547));
#1233=DIRECTION('ref_axis',(-0.707106781186547,0.,0.707106781186548));
#1234=DIRECTION('',(-0.707106781186547,0.,0.707106781186548));
#1235=DIRECTION('',(-9.02056207496039E-15,-1.,0.));
#1236=DIRECTION('',(-9.02056207496039E-15,-1.,0.));
#1237=DIRECTION('center_axis',(0.,-1.,0.));
#1238=DIRECTION('ref_axis',(1.,0.,0.));
#1239=DIRECTION('',(1.,0.,0.));
#1240=DIRECTION('',(1.,0.,0.));
#1241=DIRECTION('center_axis',(0.,0.,1.));
#1242=DIRECTION('ref_axis',(-1.,0.,0.));
#1243=DIRECTION('center_axis',(0.,0.,1.));
#1244=DIRECTION('ref_axis',(-1.,0.,0.));
#1245=DIRECTION('center_axis',(0.,0.,1.));
#1246=DIRECTION('ref_axis',(1.,0.,0.));
#1247=DIRECTION('center_axis',(0.,0.,1.));
#1248=DIRECTION('ref_axis',(1.,0.,0.));
#1249=CARTESIAN_POINT('',(0.,0.,0.));
#1250=CARTESIAN_POINT('Ctrl Pts',(-1.90000000000001,1.10000247577668,0.35));
#1251=CARTESIAN_POINT('Ctrl Pts',(-1.9,0.366667491611067,0.35));
#1252=CARTESIAN_POINT('Ctrl Pts',(-1.9,-0.366667492554548,0.35));
#1253=CARTESIAN_POINT('Ctrl Pts',(-1.89999999999999,-1.10000247672016,0.35));
#1254=CARTESIAN_POINT('Ctrl Pts',(-1.90000000000001,1.10000247577668,0.372439947525641));
#1255=CARTESIAN_POINT('Ctrl Pts',(-1.9,0.366667491611066,0.372439947525641));
#1256=CARTESIAN_POINT('Ctrl Pts',(-1.9,-0.366667492554548,0.372439947525641));
#1257=CARTESIAN_POINT('Ctrl Pts',(-1.89999999999999,-1.10000247672016,0.372439947525641));
#1258=CARTESIAN_POINT('Ctrl Pts',(-1.89831183671792,1.10000247577668,0.416946497117878));
#1259=CARTESIAN_POINT('Ctrl Pts',(-1.89831183671791,0.366667491611067,0.416946497117878));
#1260=CARTESIAN_POINT('Ctrl Pts',(-1.89831183671791,-0.366667492554549,
0.416946497117878));
#1261=CARTESIAN_POINT('Ctrl Pts',(-1.8983118367179,-1.10000247672016,0.416946497117878));
#1262=CARTESIAN_POINT('Ctrl Pts',(-1.85877507475891,1.10000247577668,0.468906500318721));
#1263=CARTESIAN_POINT('Ctrl Pts',(-1.8587750747589,0.366667491611067,0.468906500318721));
#1264=CARTESIAN_POINT('Ctrl Pts',(-1.85877507475889,-0.366667492554547,
0.468906500318721));
#1265=CARTESIAN_POINT('Ctrl Pts',(-1.85877507475889,-1.10000247672016,0.468906500318721));
#1266=CARTESIAN_POINT('Ctrl Pts',(-1.81640572455073,1.10000247577668,0.492518365623854));
#1267=CARTESIAN_POINT('Ctrl Pts',(-1.81640572455073,0.366667491611068,0.492518365623854));
#1268=CARTESIAN_POINT('Ctrl Pts',(-1.81640572455072,-0.366667492554548,
0.492518365623854));
#1269=CARTESIAN_POINT('Ctrl Pts',(-1.81640572455071,-1.10000247672016,0.492518365623854));
#1270=CARTESIAN_POINT('Ctrl Pts',(-1.78347524495256,1.10000247577668,0.499878890405189));
#1271=CARTESIAN_POINT('Ctrl Pts',(-1.78347524495256,0.366667491611068,0.499878890405189));
#1272=CARTESIAN_POINT('Ctrl Pts',(-1.78347524495255,-0.366667492554547,
0.499878890405189));
#1273=CARTESIAN_POINT('Ctrl Pts',(-1.78347524495254,-1.10000247672016,0.499878890405189));
#1274=CARTESIAN_POINT('Ctrl Pts',(-1.76121997376283,1.10000247577668,0.499999999999999));
#1275=CARTESIAN_POINT('Ctrl Pts',(-1.76121997376282,0.366667491611068,0.499999999999999));
#1276=CARTESIAN_POINT('Ctrl Pts',(-1.76121997376282,-0.366667492554547,
0.499999999999999));
#1277=CARTESIAN_POINT('Ctrl Pts',(-1.76121997376281,-1.10000247672016,0.499999999999999));
#1278=CARTESIAN_POINT('Ctrl Pts',(-1.75000000000001,1.10000247577668,0.499999999999999));
#1279=CARTESIAN_POINT('Ctrl Pts',(-1.75,0.366667491611068,0.499999999999999));
#1280=CARTESIAN_POINT('Ctrl Pts',(-1.75,-0.366667492554547,0.499999999999999));
#1281=CARTESIAN_POINT('Ctrl Pts',(-1.74999999999999,-1.10000247672016,0.499999999999999));
#1282=CARTESIAN_POINT('',(-1.75000000000001,0.950000000000028,0.5));
#1283=CARTESIAN_POINT('',(-1.74999999999999,-0.949999999999973,0.5));
#1284=CARTESIAN_POINT('',(-1.75,0.550000000000009,0.5));
#1285=CARTESIAN_POINT('',(-1.89999999999999,-1.09999999999997,0.35));
#1286=CARTESIAN_POINT('Ctrl Pts',(-1.74999999999999,-0.949999999999973,
0.499999999999999));
#1287=CARTESIAN_POINT('Ctrl Pts',(-1.75036365912304,-0.950363659133811,
0.499999999999999));
#1288=CARTESIAN_POINT('Ctrl Pts',(-1.75072673279368,-0.950726732799059,
0.499999999960074));
#1289=CARTESIAN_POINT('Ctrl Pts',(-1.77713669677656,-0.977136696625078,
0.499996360125861));
#1290=CARTESIAN_POINT('Ctrl Pts',(-1.81131591912751,-1.0113159191275,0.499739057340298));
#1291=CARTESIAN_POINT('Ctrl Pts',(-1.85788533736994,-1.05788533736992,0.465526669115085));
#1292=CARTESIAN_POINT('Ctrl Pts',(-1.86928463378236,-1.06928463378234,0.453787690068398));
#1293=CARTESIAN_POINT('Ctrl Pts',(-1.88744568230613,-1.08744568230611,0.42652038953394));
#1294=CARTESIAN_POINT('Ctrl Pts',(-1.89184225257714,-1.09184225240367,0.414295801455833));
#1295=CARTESIAN_POINT('Ctrl Pts',(-1.90000000008093,-1.09999999991904,0.386055389465636));
#1296=CARTESIAN_POINT('Ctrl Pts',(-1.89999999999999,-1.09999999999997,0.367483308736102));
#1297=CARTESIAN_POINT('Ctrl Pts',(-1.89999999999999,-1.09999999999997,0.35));
#1298=CARTESIAN_POINT('',(-1.90000000000001,1.10000000000003,0.35));
#1299=CARTESIAN_POINT('',(-1.9,0.550000000000008,0.35));
#1300=CARTESIAN_POINT('Ctrl Pts',(-1.75000000000001,0.950000000000028,0.499999999999999));
#1301=CARTESIAN_POINT('Ctrl Pts',(-1.75036423975474,0.950364239761064,0.499999999999999));
#1302=CARTESIAN_POINT('Ctrl Pts',(-1.75072789215403,0.9507278921572,0.499999999959818));
#1303=CARTESIAN_POINT('Ctrl Pts',(-1.77713647050251,0.977136470414207,0.499996348713309));
#1304=CARTESIAN_POINT('Ctrl Pts',(-1.81130565750588,1.0113056575059,0.499738448085541));
#1305=CARTESIAN_POINT('Ctrl Pts',(-1.85787537570866,1.05787537570868,0.465536987090289));
#1306=CARTESIAN_POINT('Ctrl Pts',(-1.86927955930698,1.069279559307,0.453794436031573));
#1307=CARTESIAN_POINT('Ctrl Pts',(-1.88744539559373,1.08744539559375,0.426521720676212));
#1308=CARTESIAN_POINT('Ctrl Pts',(-1.89184280558033,1.09184280575699,0.414294725956991));
#1309=CARTESIAN_POINT('Ctrl Pts',(-1.89999999991759,1.10000000008245,0.386053391072463));
#1310=CARTESIAN_POINT('Ctrl Pts',(-1.90000000000001,1.10000000000003,0.367482401311012));
#1311=CARTESIAN_POINT('Ctrl Pts',(-1.90000000000001,1.10000000000003,0.35));
#1312=CARTESIAN_POINT('Ctrl Pts',(-1.90000247672018,-1.09999999999997,0.35));
#1313=CARTESIAN_POINT('Ctrl Pts',(-0.633334159221235,-1.09999999999999,
0.35));
#1314=CARTESIAN_POINT('Ctrl Pts',(0.633334158277714,-1.10000000000001,0.35));
#1315=CARTESIAN_POINT('Ctrl Pts',(1.90000247577666,-1.10000000000003,0.35));
#1316=CARTESIAN_POINT('Ctrl Pts',(-1.90000247672018,-1.09999999999997,0.372439947525641));
#1317=CARTESIAN_POINT('Ctrl Pts',(-0.633334159221234,-1.09999999999999,
0.372439947525641));
#1318=CARTESIAN_POINT('Ctrl Pts',(0.633334158277712,-1.10000000000001,0.372439947525641));
#1319=CARTESIAN_POINT('Ctrl Pts',(1.90000247577666,-1.10000000000003,0.372439947525641));
#1320=CARTESIAN_POINT('Ctrl Pts',(-1.90000247672019,-1.09831183671788,0.416946497117878));
#1321=CARTESIAN_POINT('Ctrl Pts',(-0.633334159221237,-1.0983118367179,0.416946497117878));
#1322=CARTESIAN_POINT('Ctrl Pts',(0.633334158277716,-1.09831183671792,0.416946497117878));
#1323=CARTESIAN_POINT('Ctrl Pts',(1.90000247577666,-1.09831183671794,0.416946497117878));
#1324=CARTESIAN_POINT('Ctrl Pts',(-1.90000247672018,-1.05877507475887,0.468906500318721));
#1325=CARTESIAN_POINT('Ctrl Pts',(-0.633334159221231,-1.05877507475889,
0.468906500318721));
#1326=CARTESIAN_POINT('Ctrl Pts',(0.633334158277712,-1.05877507475891,0.468906500318721));
#1327=CARTESIAN_POINT('Ctrl Pts',(1.90000247577666,-1.05877507475892,0.468906500318721));
#1328=CARTESIAN_POINT('Ctrl Pts',(-1.90000247672018,-1.01640572455069,0.492518365623855));
#1329=CARTESIAN_POINT('Ctrl Pts',(-0.633334159221234,-1.01640572455071,
0.492518365623855));
#1330=CARTESIAN_POINT('Ctrl Pts',(0.633334158277715,-1.01640572455073,0.492518365623855));
#1331=CARTESIAN_POINT('Ctrl Pts',(1.90000247577666,-1.01640572455075,0.492518365623855));
#1332=CARTESIAN_POINT('Ctrl Pts',(-1.90000247672018,-0.983475244952524,
0.499878890405189));
#1333=CARTESIAN_POINT('Ctrl Pts',(-0.633334159221232,-0.983475244952543,
0.499878890405189));
#1334=CARTESIAN_POINT('Ctrl Pts',(0.633334158277715,-0.983475244952562,
0.499878890405189));
#1335=CARTESIAN_POINT('Ctrl Pts',(1.90000247577666,-0.983475244952581,0.499878890405189));
#1336=CARTESIAN_POINT('Ctrl Pts',(-1.90000247672018,-0.961219973762792,
0.5));
#1337=CARTESIAN_POINT('Ctrl Pts',(-0.633334159221233,-0.961219973762811,
0.5));
#1338=CARTESIAN_POINT('Ctrl Pts',(0.633334158277716,-0.96121997376283,0.5));
#1339=CARTESIAN_POINT('Ctrl Pts',(1.90000247577666,-0.961219973762849,0.5));
#1340=CARTESIAN_POINT('Ctrl Pts',(-1.90000247672018,-0.949999999999971,
0.499999999999999));
#1341=CARTESIAN_POINT('Ctrl Pts',(-0.633334159221233,-0.94999999999999,
0.499999999999999));
#1342=CARTESIAN_POINT('Ctrl Pts',(0.633334158277716,-0.950000000000009,
0.499999999999999));
#1343=CARTESIAN_POINT('Ctrl Pts',(1.90000247577667,-0.950000000000028,0.499999999999999));
#1344=CARTESIAN_POINT('',(1.90000000000001,-1.10000000000003,0.35));
#1345=CARTESIAN_POINT('',(-0.950000000000003,-1.09999999999999,0.35));
#1346=CARTESIAN_POINT('',(1.75000000000001,-0.950000000000026,0.5));
#1347=CARTESIAN_POINT('',(-0.950000000000001,-0.949999999999985,0.5));
#1348=CARTESIAN_POINT('Ctrl Pts',(1.75000000000001,-0.950000000000026,0.5));
#1349=CARTESIAN_POINT('Ctrl Pts',(1.75036423976198,-0.950364239756631,0.5));
#1350=CARTESIAN_POINT('Ctrl Pts',(1.75072789215812,-0.950727892155441,0.499999999959818));
#1351=CARTESIAN_POINT('Ctrl Pts',(1.77713647042354,-0.977136470498505,0.499996348713298));
#1352=CARTESIAN_POINT('Ctrl Pts',(1.81130565750722,-1.01130565750723,0.49973844808456));
#1353=CARTESIAN_POINT('Ctrl Pts',(1.85787537570866,-1.05787537570867,0.465536987090293));
#1354=CARTESIAN_POINT('Ctrl Pts',(1.86927955930698,-1.069279559307,0.453794436031579));
#1355=CARTESIAN_POINT('Ctrl Pts',(1.88744539559374,-1.08744539559376,0.426521720676198));
#1356=CARTESIAN_POINT('Ctrl Pts',(1.89184280558034,-1.09184280575699,0.414294725956978));
#1357=CARTESIAN_POINT('Ctrl Pts',(1.89999999991759,-1.10000000008245,0.386053391072463));
#1358=CARTESIAN_POINT('Ctrl Pts',(1.90000000000001,-1.10000000000003,0.367482401311012));
#1359=CARTESIAN_POINT('Ctrl Pts',(1.90000000000001,-1.10000000000003,0.35));
#1360=CARTESIAN_POINT('Ctrl Pts',(1.90000000000001,-1.10000247577668,0.35));
#1361=CARTESIAN_POINT('Ctrl Pts',(1.90000000000001,-0.366667491611061,0.35));
#1362=CARTESIAN_POINT('Ctrl Pts',(1.90000000000001,0.366667492554558,0.35));
#1363=CARTESIAN_POINT('Ctrl Pts',(1.90000000000001,1.10000247672018,0.35));
#1364=CARTESIAN_POINT('Ctrl Pts',(1.90000000000001,-1.10000247577668,0.372439947525641));
#1365=CARTESIAN_POINT('Ctrl Pts',(1.90000000000001,-0.36666749161106,0.372439947525641));
#1366=CARTESIAN_POINT('Ctrl Pts',(1.90000000000001,0.366667492554557,0.372439947525641));
#1367=CARTESIAN_POINT('Ctrl Pts',(1.90000000000001,1.10000247672018,0.372439947525641));
#1368=CARTESIAN_POINT('Ctrl Pts',(1.89831183671792,-1.10000247577668,0.416946497117878));
#1369=CARTESIAN_POINT('Ctrl Pts',(1.89831183671792,-0.366667491611062,0.416946497117878));
#1370=CARTESIAN_POINT('Ctrl Pts',(1.89831183671792,0.366667492554559,0.416946497117878));
#1371=CARTESIAN_POINT('Ctrl Pts',(1.89831183671792,1.10000247672018,0.416946497117878));
#1372=CARTESIAN_POINT('Ctrl Pts',(1.85877507475891,-1.10000247577668,0.468906500318721));
#1373=CARTESIAN_POINT('Ctrl Pts',(1.85877507475891,-0.366667491611061,0.468906500318721));
#1374=CARTESIAN_POINT('Ctrl Pts',(1.85877507475891,0.366667492554558,0.468906500318721));
#1375=CARTESIAN_POINT('Ctrl Pts',(1.85877507475891,1.10000247672018,0.468906500318721));
#1376=CARTESIAN_POINT('Ctrl Pts',(1.81640572455074,-1.10000247577668,0.492518365623854));
#1377=CARTESIAN_POINT('Ctrl Pts',(1.81640572455073,-0.366667491611062,0.492518365623854));
#1378=CARTESIAN_POINT('Ctrl Pts',(1.81640572455073,0.366667492554558,0.492518365623855));
#1379=CARTESIAN_POINT('Ctrl Pts',(1.81640572455073,1.10000247672018,0.492518365623855));
#1380=CARTESIAN_POINT('Ctrl Pts',(1.78347524495256,-1.10000247577668,0.499878890405189));
#1381=CARTESIAN_POINT('Ctrl Pts',(1.78347524495256,-0.366667491611061,0.499878890405189));
#1382=CARTESIAN_POINT('Ctrl Pts',(1.78347524495256,0.366667492554557,0.499878890405189));
#1383=CARTESIAN_POINT('Ctrl Pts',(1.78347524495256,1.10000247672018,0.499878890405189));
#1384=CARTESIAN_POINT('Ctrl Pts',(1.76121997376283,-1.10000247577668,0.499999999999999));
#1385=CARTESIAN_POINT('Ctrl Pts',(1.76121997376283,-0.366667491611061,0.499999999999999));
#1386=CARTESIAN_POINT('Ctrl Pts',(1.76121997376283,0.366667492554558,0.5));
#1387=CARTESIAN_POINT('Ctrl Pts',(1.76121997376283,1.10000247672018,0.5));
#1388=CARTESIAN_POINT('Ctrl Pts',(1.75000000000001,-1.10000247577668,0.499999999999999));
#1389=CARTESIAN_POINT('Ctrl Pts',(1.75000000000001,-0.366667491611061,0.499999999999999));
#1390=CARTESIAN_POINT('Ctrl Pts',(1.75000000000001,0.366667492554558,0.5));
#1391=CARTESIAN_POINT('Ctrl Pts',(1.75000000000001,1.10000247672018,0.5));
#1392=CARTESIAN_POINT('',(1.90000000000001,1.09999999999998,0.35));
#1393=CARTESIAN_POINT('',(1.90000000000001,-0.550000000000013,0.35));
#1394=CARTESIAN_POINT('',(1.75000000000001,0.949999999999986,0.5));
#1395=CARTESIAN_POINT('',(1.75000000000001,-0.550000000000013,0.5));
#1396=CARTESIAN_POINT('Ctrl Pts',(1.75000000000001,0.949999999999987,0.499999999999999));
#1397=CARTESIAN_POINT('Ctrl Pts',(1.75036365912662,0.950363659130675,0.499999999999999));
#1398=CARTESIAN_POINT('Ctrl Pts',(1.75072673279471,0.950726732796727,0.499999999960075));
#1399=CARTESIAN_POINT('Ctrl Pts',(1.77713669672655,0.977136696669335,0.499996360125868));
#1400=CARTESIAN_POINT('Ctrl Pts',(1.81131591912608,1.01131591912605,0.499739057341367));
#1401=CARTESIAN_POINT('Ctrl Pts',(1.85788533736995,1.05788533736993,0.465526669115087));
#1402=CARTESIAN_POINT('Ctrl Pts',(1.86928463378238,1.06928463378236,0.453787690068401));
#1403=CARTESIAN_POINT('Ctrl Pts',(1.88744568230616,1.08744568230614,0.426520389533918));
#1404=CARTESIAN_POINT('Ctrl Pts',(1.89184225257716,1.09184225240369,0.414295801455812));
#1405=CARTESIAN_POINT('Ctrl Pts',(1.90000000008094,1.09999999991905,0.386055389465635));
#1406=CARTESIAN_POINT('Ctrl Pts',(1.90000000000001,1.09999999999998,0.3674833087361));
#1407=CARTESIAN_POINT('Ctrl Pts',(1.90000000000001,1.09999999999998,0.35));
#1408=CARTESIAN_POINT('Ctrl Pts',(1.9000024767202,1.09999999999998,0.35));
#1409=CARTESIAN_POINT('Ctrl Pts',(0.633334159221248,1.1,0.35));
#1410=CARTESIAN_POINT('Ctrl Pts',(-0.633334158277707,1.10000000000001,0.35));
#1411=CARTESIAN_POINT('Ctrl Pts',(-1.90000247577666,1.10000000000003,0.35));
#1412=CARTESIAN_POINT('Ctrl Pts',(1.9000024767202,1.09999999999998,0.372439947525641));
#1413=CARTESIAN_POINT('Ctrl Pts',(0.633334159221247,1.1,0.372439947525641));
#1414=CARTESIAN_POINT('Ctrl Pts',(-0.633334158277705,1.10000000000001,0.372439947525641));
#1415=CARTESIAN_POINT('Ctrl Pts',(-1.90000247577666,1.10000000000003,0.372439947525641));
#1416=CARTESIAN_POINT('Ctrl Pts',(1.9000024767202,1.09831183671789,0.416946497117878));
#1417=CARTESIAN_POINT('Ctrl Pts',(0.63333415922125,1.09831183671791,0.416946497117878));
#1418=CARTESIAN_POINT('Ctrl Pts',(-0.633334158277709,1.09831183671792,0.416946497117878));
#1419=CARTESIAN_POINT('Ctrl Pts',(-1.90000247577666,1.09831183671794,0.416946497117878));
#1420=CARTESIAN_POINT('Ctrl Pts',(1.9000024767202,1.05877507475888,0.468906500318721));
#1421=CARTESIAN_POINT('Ctrl Pts',(0.633334159221246,1.0587750747589,0.468906500318721));
#1422=CARTESIAN_POINT('Ctrl Pts',(-0.633334158277705,1.05877507475891,0.468906500318721));
#1423=CARTESIAN_POINT('Ctrl Pts',(-1.90000247577666,1.05877507475893,0.468906500318721));
#1424=CARTESIAN_POINT('Ctrl Pts',(1.9000024767202,1.01640572455071,0.492518365623855));
#1425=CARTESIAN_POINT('Ctrl Pts',(0.633334159221248,1.01640572455072,0.492518365623855));
#1426=CARTESIAN_POINT('Ctrl Pts',(-0.633334158277709,1.01640572455074,0.492518365623855));
#1427=CARTESIAN_POINT('Ctrl Pts',(-1.90000247577666,1.01640572455075,0.492518365623855));
#1428=CARTESIAN_POINT('Ctrl Pts',(1.9000024767202,0.983475244952538,0.499878890405189));
#1429=CARTESIAN_POINT('Ctrl Pts',(0.633334159221246,0.983475244952553,0.499878890405189));
#1430=CARTESIAN_POINT('Ctrl Pts',(-0.633334158277707,0.983475244952568,
0.499878890405189));
#1431=CARTESIAN_POINT('Ctrl Pts',(-1.90000247577666,0.983475244952583,0.499878890405189));
#1432=CARTESIAN_POINT('Ctrl Pts',(1.9000024767202,0.961219973762805,0.5));
#1433=CARTESIAN_POINT('Ctrl Pts',(0.633334159221247,0.961219973762821,0.5));
#1434=CARTESIAN_POINT('Ctrl Pts',(-0.633334158277709,0.961219973762836,
0.5));
#1435=CARTESIAN_POINT('Ctrl Pts',(-1.90000247577666,0.961219973762851,0.5));
#1436=CARTESIAN_POINT('Ctrl Pts',(1.9000024767202,0.949999999999985,0.499999999999999));
#1437=CARTESIAN_POINT('Ctrl Pts',(0.633334159221246,0.95,0.499999999999999));
#1438=CARTESIAN_POINT('Ctrl Pts',(-0.633334158277708,0.950000000000015,
0.499999999999999));
#1439=CARTESIAN_POINT('Ctrl Pts',(-1.90000247577666,0.95000000000003,0.499999999999999));
#1440=CARTESIAN_POINT('',(0.950000000000012,1.1,0.35));
#1441=CARTESIAN_POINT('',(0.95000000000001,0.949999999999996,0.5));
#1442=CARTESIAN_POINT('Origin',(1.90000000000001,1.09999999999998,0.));
#1443=CARTESIAN_POINT('',(-1.90000000000001,1.10000000000003,0.25));
#1444=CARTESIAN_POINT('',(-1.90000000000001,1.10000000000003,0.));
#1445=CARTESIAN_POINT('',(1.90000000000001,1.09999999999998,0.25));
#1446=CARTESIAN_POINT('',(0.950000000000011,1.1,0.25));
#1447=CARTESIAN_POINT('',(1.90000000000001,1.09999999999998,0.));
#1448=CARTESIAN_POINT('Origin',(-1.90000000000001,1.10000000000003,0.));
#1449=CARTESIAN_POINT('',(-1.89999999999999,-1.09999999999997,0.25));
#1450=CARTESIAN_POINT('',(-1.89999999999999,-1.09999999999997,0.));
#1451=CARTESIAN_POINT('',(-1.9,0.550000000000007,0.25));
#1452=CARTESIAN_POINT('Origin',(1.11022302462516E-15,8.32667268468867E-16,
0.5));
#1453=CARTESIAN_POINT('Origin',(1.90000000000001,-1.10000000000003,0.));
#1454=CARTESIAN_POINT('',(1.90000000000001,-1.10000000000003,0.25));
#1455=CARTESIAN_POINT('',(1.90000000000001,-0.550000000000013,0.25));
#1456=CARTESIAN_POINT('',(1.90000000000001,-1.10000000000003,0.));
#1457=CARTESIAN_POINT('Origin',(-1.89999999999999,-1.09999999999997,0.));
#1458=CARTESIAN_POINT('',(-0.950000000000004,-1.09999999999999,0.25));
#1459=CARTESIAN_POINT('Origin',(-2.77555756156289E-16,2.77555756156289E-16,
0.25));
#1460=CARTESIAN_POINT('',(-1.8,1.50000000000003,0.25));
#1461=CARTESIAN_POINT('',(-2.30000000000001,1.00000000000003,0.25));
#1462=CARTESIAN_POINT('Origin',(-1.80000000000001,1.00000000000003,0.25));
#1463=CARTESIAN_POINT('',(1.80000000000002,1.49999999999999,0.25));
#1464=CARTESIAN_POINT('',(1.15000000000001,1.49999999999999,0.25));
#1465=CARTESIAN_POINT('',(2.30000000000001,0.999999999999986,0.25));
#1466=CARTESIAN_POINT('Origin',(1.80000000000001,0.999999999999986,0.25));
#1467=CARTESIAN_POINT('',(2.30000000000001,-1.00000000000003,0.25));
#1468=CARTESIAN_POINT('',(2.30000000000001,-0.750000000000016,0.25));
#1469=CARTESIAN_POINT('',(1.8,-1.50000000000003,0.25));
#1470=CARTESIAN_POINT('Origin',(1.80000000000001,-1.00000000000003,0.25));
#1471=CARTESIAN_POINT('',(-1.8,-1.49999999999997,0.25));
#1472=CARTESIAN_POINT('',(-1.15000000000001,-1.49999999999998,0.25));
#1473=CARTESIAN_POINT('',(-2.29999999999999,-0.999999999999977,0.25));
#1474=CARTESIAN_POINT('Origin',(-1.79999999999999,-0.999999999999973,0.25));
#1475=CARTESIAN_POINT('',(-2.30000000000001,0.750000000000008,0.25));
#1476=CARTESIAN_POINT('Origin',(-2.30000000000001,1.50000000000004,0.));
#1477=CARTESIAN_POINT('',(-2.29999999999999,-0.999999999999977,7.));
#1478=CARTESIAN_POINT('',(-2.29999999999999,-0.999999999999977,0.));
#1479=CARTESIAN_POINT('',(-2.30000000000001,1.00000000000003,7.));
#1480=CARTESIAN_POINT('',(-2.30000000000001,0.750000000000008,7.));
#1481=CARTESIAN_POINT('',(-2.30000000000001,1.00000000000003,0.));
#1482=CARTESIAN_POINT('Origin',(-1.79999999999999,-0.999999999999973,0.));
#1483=CARTESIAN_POINT('',(-1.8,-1.49999999999997,7.));
#1484=CARTESIAN_POINT('',(-1.8,-1.49999999999997,0.));
#1485=CARTESIAN_POINT('Origin',(-1.79999999999999,-0.999999999999973,7.));
#1486=CARTESIAN_POINT('Origin',(-2.29999999999999,-1.49999999999997,0.));
#1487=CARTESIAN_POINT('',(1.8,-1.50000000000003,7.));
#1488=CARTESIAN_POINT('',(1.8,-1.50000000000003,0.));
#1489=CARTESIAN_POINT('',(-1.15000000000001,-1.49999999999998,7.));
#1490=CARTESIAN_POINT('Origin',(1.80000000000001,-1.00000000000003,0.));
#1491=CARTESIAN_POINT('',(2.30000000000001,-1.00000000000003,7.));
#1492=CARTESIAN_POINT('',(2.30000000000001,-1.00000000000003,0.));
#1493=CARTESIAN_POINT('Origin',(1.80000000000001,-1.00000000000003,7.));
#1494=CARTESIAN_POINT('Origin',(1.80000000000001,0.999999999999986,7.));
#1495=CARTESIAN_POINT('',(2.30000000000001,0.999999999999986,7.));
#1496=CARTESIAN_POINT('',(1.80000000000001,0.999999999999985,7.5));
#1497=CARTESIAN_POINT('Origin',(1.80000000000001,0.999999999999986,7.));
#1498=CARTESIAN_POINT('',(1.80000000000002,1.49999999999999,7.));
#1499=CARTESIAN_POINT('Origin',(1.80000000000001,0.999999999999986,7.));
#1500=CARTESIAN_POINT('Origin',(1.80000000000001,0.999999999999986,7.));
#1501=CARTESIAN_POINT('Origin',(1.80000000000001,0.999999999999986,0.));
#1502=CARTESIAN_POINT('',(1.80000000000002,1.49999999999999,0.));
#1503=CARTESIAN_POINT('',(2.30000000000001,0.999999999999986,0.));
#1504=CARTESIAN_POINT('Origin',(1.80000000000001,-1.00000000000003,7.));
#1505=CARTESIAN_POINT('',(1.80000000000001,-1.00000000000003,7.5));
#1506=CARTESIAN_POINT('Origin',(1.80000000000001,-1.00000000000003,7.));
#1507=CARTESIAN_POINT('Origin',(1.80000000000001,-1.00000000000003,7.));
#1508=CARTESIAN_POINT('Origin',(1.80000000000001,-0.750000000000017,7.));
#1509=CARTESIAN_POINT('',(1.80000000000001,-0.750000000000017,7.5));
#1510=CARTESIAN_POINT('',(2.30000000000001,-0.750000000000016,7.));
#1511=CARTESIAN_POINT('Origin',(-1.80000000000001,1.00000000000003,7.));
#1512=CARTESIAN_POINT('',(-1.8,1.50000000000003,7.));
#1513=CARTESIAN_POINT('',(-1.80000000000001,1.00000000000003,7.5));
#1514=CARTESIAN_POINT('Origin',(-1.80000000000001,1.00000000000003,7.));
#1515=CARTESIAN_POINT('Origin',(-1.80000000000001,1.00000000000003,7.));
#1516=CARTESIAN_POINT('Origin',(-1.80000000000001,1.00000000000003,7.));
#1517=CARTESIAN_POINT('Origin',(-1.80000000000001,1.00000000000003,0.));
#1518=CARTESIAN_POINT('',(-1.8,1.50000000000003,0.));
#1519=CARTESIAN_POINT('Origin',(-1.79999999999999,-0.999999999999973,7.));
#1520=CARTESIAN_POINT('',(-1.79999999999999,-0.999999999999973,7.5));
#1521=CARTESIAN_POINT('Origin',(-1.79999999999999,-0.999999999999973,7.));
#1522=CARTESIAN_POINT('Origin',(-1.79999999999999,-0.999999999999973,7.));
#1523=CARTESIAN_POINT('Origin',(-1.15,-0.999999999999983,7.));
#1524=CARTESIAN_POINT('',(-1.15,-0.999999999999983,7.5));
#1525=CARTESIAN_POINT('Origin',(-1.80000000000001,0.750000000000012,7.));
#1526=CARTESIAN_POINT('',(-1.80000000000001,0.750000000000012,7.5));
#1527=CARTESIAN_POINT('Origin',(1.15000000000001,0.999999999999994,7.));
#1528=CARTESIAN_POINT('',(1.15000000000001,0.999999999999994,7.5));
#1529=CARTESIAN_POINT('',(1.15000000000001,1.49999999999999,7.));
#1530=CARTESIAN_POINT('Origin',(2.30000000000001,-1.50000000000003,0.));
#1531=CARTESIAN_POINT('Origin',(-2.77555756156289E-16,2.77555756156289E-16,
7.5));
#1532=CARTESIAN_POINT('Origin',(2.30000000000001,1.49999999999998,0.));
#1533=CARTESIAN_POINT('Origin',(1.25,7.19788920257767E-17,0.));
#1534=CARTESIAN_POINT('',(1.05,4.74859560428296E-17,-5.));
#1535=CARTESIAN_POINT('Origin',(1.25,7.19788920257767E-17,-5.));
#1536=CARTESIAN_POINT('',(1.05,4.74859560428296E-17,0.35));
#1537=CARTESIAN_POINT('',(1.05,9.64718280087238E-17,0.));
#1538=CARTESIAN_POINT('Origin',(1.25,7.19788920257767E-17,0.35));
#1539=CARTESIAN_POINT('Origin',(1.25,6.93889390390723E-17,0.35));
#1540=CARTESIAN_POINT('Origin',(1.25,6.93889390390723E-17,-5.));
#1541=CARTESIAN_POINT('Origin',(-1.25,-1.04083408558608E-16,0.35));
#1542=CARTESIAN_POINT('',(-1.45,-1.37349739657902E-16,0.35));
#1543=CARTESIAN_POINT('Origin',(-1.25,-1.12856803674955E-16,0.35));
#1544=CARTESIAN_POINT('Origin',(-1.25,-1.12856803674955E-16,0.));
#1545=CARTESIAN_POINT('',(-1.45,-1.37349739657902E-16,-5.));
#1546=CARTESIAN_POINT('Origin',(-1.25,-1.12856803674955E-16,-5.));
#1547=CARTESIAN_POINT('',(-1.45,-8.83638676920081E-17,0.));
#1548=CARTESIAN_POINT('Origin',(-1.25,-1.04083408558608E-16,-5.));
#1549=CARTESIAN_POINT('Origin',(-0.875000000000001,-1.40000000000396,0.125));
#1550=CARTESIAN_POINT('',(-0.999999999999998,-1.1,0.));
#1551=CARTESIAN_POINT('',(-0.749999999999999,-1.1,0.25));
#1552=CARTESIAN_POINT('',(-0.874999999999999,-1.1,0.124999999999999));
#1553=CARTESIAN_POINT('',(-0.750000000000002,-1.50000000000528,0.25));
#1554=CARTESIAN_POINT('',(-0.750000000000002,-1.50000000000528,0.25));
#1555=CARTESIAN_POINT('',(-1.,-1.5000000000038,0.));
#1556=CARTESIAN_POINT('',(-1.10000000000016,-1.50000000000322,-0.100000000000161));
#1557=CARTESIAN_POINT('',(-1.,-1.40000000000396,0.));
#1558=CARTESIAN_POINT('Origin',(-0.749999999999999,-1.1,0.));
#1559=CARTESIAN_POINT('',(-1.40000000000002,-1.1,0.));
#1560=CARTESIAN_POINT('',(-0.749999999999999,-1.1,0.));
#1561=CARTESIAN_POINT('',(-1.65000000000002,-1.1,0.25));
#1562=CARTESIAN_POINT('',(-1.30000000000002,-1.1,-0.100000000000004));
#1563=CARTESIAN_POINT('',(-0.749999999999999,-1.1,0.25));
#1564=CARTESIAN_POINT('Origin',(-1.52500000000003,-1.20000000000131,0.125));
#1565=CARTESIAN_POINT('',(-1.40000000000006,-1.50000000000145,0.));
#1566=CARTESIAN_POINT('',(-1.65000000000006,-1.49999999999998,0.25));
#1567=CARTESIAN_POINT('',(-1.52500000000049,-1.50000000000071,0.125000000000435));
#1568=CARTESIAN_POINT('',(-1.65000000000002,-1.1,0.25));
#1569=CARTESIAN_POINT('',(-1.40000000000003,-1.20000000000132,0.));
#1570=CARTESIAN_POINT('Origin',(-1.65000000000006,-1.49999999999998,0.));
#1571=CARTESIAN_POINT('',(-1.65000000000006,-1.49999999999998,0.25));
#1572=CARTESIAN_POINT('',(-1.65000000000006,-1.49999999999998,0.));
#1573=CARTESIAN_POINT('Origin',(-1.20000000000003,-1.30000000000264,0.25));
#1574=CARTESIAN_POINT('Origin',(-1.20000000000003,-1.30000000000264,0.));
#1575=CARTESIAN_POINT('Origin',(1.52500000000003,-1.20000000000131,0.125));
#1576=CARTESIAN_POINT('',(1.65000000000006,-1.49999999999998,0.25));
#1577=CARTESIAN_POINT('',(1.40000000000006,-1.50000000000145,0.));
#1578=CARTESIAN_POINT('',(1.52500000000049,-1.50000000000071,0.125000000000435));
#1579=CARTESIAN_POINT('',(1.40000000000002,-1.1,0.));
#1580=CARTESIAN_POINT('',(1.40000000000003,-1.20000000000132,0.));
#1581=CARTESIAN_POINT('',(1.65000000000002,-1.1,0.25));
#1582=CARTESIAN_POINT('',(1.30000000000002,-1.1,-0.100000000000004));
#1583=CARTESIAN_POINT('',(1.65000000000002,-1.1,0.25));
#1584=CARTESIAN_POINT('Origin',(0.749999999999999,-1.1,0.));
#1585=CARTESIAN_POINT('',(0.999999999999998,-1.1,0.));
#1586=CARTESIAN_POINT('',(0.749999999999999,-1.1,0.));
#1587=CARTESIAN_POINT('',(0.749999999999999,-1.1,0.25));
#1588=CARTESIAN_POINT('',(0.874999999999999,-1.1,0.124999999999999));
#1589=CARTESIAN_POINT('',(0.749999999999999,-1.1,0.25));
#1590=CARTESIAN_POINT('Origin',(1.20000000000003,-1.30000000000264,0.));
#1591=CARTESIAN_POINT('',(1.,-1.5000000000038,0.));
#1592=CARTESIAN_POINT('',(1.65000000000006,-1.49999999999998,0.));
#1593=CARTESIAN_POINT('',(1.,-1.40000000000396,0.));
#1594=CARTESIAN_POINT('Origin',(0.875000000000001,-1.40000000000396,0.125));
#1595=CARTESIAN_POINT('',(0.750000000000002,-1.50000000000528,0.25));
#1596=CARTESIAN_POINT('',(1.10000000000016,-1.50000000000322,-0.100000000000161));
#1597=CARTESIAN_POINT('',(0.750000000000002,-1.50000000000528,0.25));
#1598=CARTESIAN_POINT('Origin',(1.65000000000006,-1.49999999999998,0.));
#1599=CARTESIAN_POINT('',(1.65000000000006,-1.49999999999998,0.25));
#1600=CARTESIAN_POINT('Origin',(1.20000000000003,-1.30000000000264,0.25));
#1601=CARTESIAN_POINT('Origin',(-1.52500000000003,1.20000000000131,0.125));
#1602=CARTESIAN_POINT('',(-1.65000000000006,1.49999999999998,0.25));
#1603=CARTESIAN_POINT('',(-1.40000000000006,1.50000000000145,0.));
#1604=CARTESIAN_POINT('',(-1.52500000000049,1.50000000000071,0.125000000000435));
#1605=CARTESIAN_POINT('',(-1.40000000000002,1.1,0.));
#1606=CARTESIAN_POINT('',(-1.40000000000003,1.20000000000132,0.));
#1607=CARTESIAN_POINT('',(-1.65000000000002,1.1,0.25));
#1608=CARTESIAN_POINT('',(-1.30000000000002,1.1,-0.100000000000004));
#1609=CARTESIAN_POINT('',(-1.65000000000002,1.1,0.25));
#1610=CARTESIAN_POINT('Origin',(-0.749999999999999,1.1,0.));
#1611=CARTESIAN_POINT('',(-0.999999999999998,1.1,0.));
#1612=CARTESIAN_POINT('',(-0.749999999999999,1.1,0.));
#1613=CARTESIAN_POINT('',(-0.749999999999999,1.1,0.25));
#1614=CARTESIAN_POINT('',(-0.874999999999999,1.1,0.124999999999999));
#1615=CARTESIAN_POINT('',(-0.749999999999999,1.1,0.25));
#1616=CARTESIAN_POINT('Origin',(-1.20000000000003,1.30000000000264,0.));
#1617=CARTESIAN_POINT('',(-1.,1.5000000000038,0.));
#1618=CARTESIAN_POINT('',(-1.65000000000006,1.49999999999998,0.));
#1619=CARTESIAN_POINT('',(-1.,1.40000000000396,0.));
#1620=CARTESIAN_POINT('Origin',(-0.875000000000001,1.40000000000396,0.125));
#1621=CARTESIAN_POINT('',(-0.750000000000002,1.50000000000528,0.25));
#1622=CARTESIAN_POINT('',(-1.10000000000016,1.50000000000322,-0.100000000000161));
#1623=CARTESIAN_POINT('',(-0.750000000000002,1.50000000000528,0.25));
#1624=CARTESIAN_POINT('Origin',(-1.65000000000006,1.49999999999998,0.));
#1625=CARTESIAN_POINT('',(-1.65000000000006,1.49999999999998,0.25));
#1626=CARTESIAN_POINT('Origin',(-1.20000000000003,1.30000000000264,0.25));
#1627=CARTESIAN_POINT('Origin',(1.52500000000003,1.20000000000131,0.125));
#1628=CARTESIAN_POINT('',(1.40000000000006,1.50000000000145,0.));
#1629=CARTESIAN_POINT('',(1.65000000000006,1.49999999999998,0.25));
#1630=CARTESIAN_POINT('',(1.52500000000049,1.50000000000071,0.125000000000435));
#1631=CARTESIAN_POINT('',(1.65000000000002,1.1,0.25));
#1632=CARTESIAN_POINT('',(1.65000000000002,1.1,0.25));
#1633=CARTESIAN_POINT('',(1.40000000000002,1.1,0.));
#1634=CARTESIAN_POINT('',(1.30000000000002,1.1,-0.100000000000004));
#1635=CARTESIAN_POINT('',(1.40000000000003,1.20000000000132,0.));
#1636=CARTESIAN_POINT('Origin',(1.65000000000006,1.49999999999998,0.));
#1637=CARTESIAN_POINT('',(1.,1.5000000000038,0.));
#1638=CARTESIAN_POINT('',(1.65000000000006,1.49999999999998,0.));
#1639=CARTESIAN_POINT('',(0.750000000000002,1.50000000000528,0.25));
#1640=CARTESIAN_POINT('',(1.10000000000016,1.50000000000322,-0.100000000000161));
#1641=CARTESIAN_POINT('',(1.65000000000006,1.49999999999998,0.25));
#1642=CARTESIAN_POINT('Origin',(0.875000000000001,1.40000000000396,0.125));
#1643=CARTESIAN_POINT('',(0.999999999999998,1.1,0.));
#1644=CARTESIAN_POINT('',(0.749999999999999,1.1,0.25));
#1645=CARTESIAN_POINT('',(0.874999999999999,1.1,0.124999999999999));
#1646=CARTESIAN_POINT('',(0.750000000000002,1.50000000000528,0.25));
#1647=CARTESIAN_POINT('',(1.,1.40000000000396,0.));
#1648=CARTESIAN_POINT('Origin',(0.749999999999999,1.1,0.));
#1649=CARTESIAN_POINT('',(0.749999999999999,1.1,0.25));
#1650=CARTESIAN_POINT('',(0.749999999999999,1.1,0.));
#1651=CARTESIAN_POINT('Origin',(1.20000000000003,1.30000000000264,0.25));
#1652=CARTESIAN_POINT('Origin',(1.20000000000003,1.30000000000264,0.));
#1653=CARTESIAN_POINT('Ctrl Pts',(-1.91765705289744,-3.58553934663264E-16,
0.5));
#1654=CARTESIAN_POINT('Ctrl Pts',(-1.73665087671094,-3.06833435351546E-16,
0.509459873849546));
#1655=CARTESIAN_POINT('Ctrl Pts',(-1.60818838977493,-2.40607725490428E-16,
0.527296155460273));
#1656=CARTESIAN_POINT('Ctrl Pts',(-1.53226959208941,-1.94152682073135E-16,
0.5));
#1657=CARTESIAN_POINT('Ctrl Pts',(-1.91765705289744,-0.185266250581942,
0.5));
#1658=CARTESIAN_POINT('Ctrl Pts',(-1.73635913628923,-0.140471622614025,
0.509459873849546));
#1659=CARTESIAN_POINT('Ctrl Pts',(-1.60854146616051,-0.102761199615383,
0.527296155460273));
#1660=CARTESIAN_POINT('Ctrl Pts',(-1.53226959208941,-0.0792147086708793,
0.5));
#1661=CARTESIAN_POINT('Ctrl Pts',(-1.78809140120417,-0.538503822395667,
0.5));
#1662=CARTESIAN_POINT('Ctrl Pts',(-1.65010247590093,-0.400290066073073,
0.509459873849546));
#1663=CARTESIAN_POINT('Ctrl Pts',(-1.54354340274277,-0.293998541477155,
0.527296155460273));
#1664=CARTESIAN_POINT('Ctrl Pts',(-1.47878049966103,-0.228963538549891,
0.5));
#1665=CARTESIAN_POINT('Ctrl Pts',(-1.43518885180134,-0.668253574779018,
0.5));
#1666=CARTESIAN_POINT('Ctrl Pts',(-1.39029464249555,-0.487178485184096,
0.509459873849546));
#1667=CARTESIAN_POINT('Ctrl Pts',(-1.35284736631676,-0.358536537262414,
0.527296155460273));
#1668=CARTESIAN_POINT('Ctrl Pts',(-1.32918035789771,-0.282534337705396,
0.5));
#1669=CARTESIAN_POINT('Ctrl Pts',(-1.06475520074722,-0.66846195792154,0.5));
#1670=CARTESIAN_POINT('Ctrl Pts',(-1.10962349000895,-0.487353065895674,
0.509459873849546));
#1671=CARTESIAN_POINT('Ctrl Pts',(-1.14715917285574,-0.358669930023676,
0.527296155460273));
#1672=CARTESIAN_POINT('Ctrl Pts',(-1.17079481176002,-0.282626821359611,
0.5));
#1673=CARTESIAN_POINT('Ctrl Pts',(-0.711765972728896,-0.538204832551547,
0.5));
#1674=CARTESIAN_POINT('Ctrl Pts',(-0.849888292394215,-0.40007361751512,
0.509459873849546));
#1675=CARTESIAN_POINT('Ctrl Pts',(-0.956231858205864,-0.293765950274974,
0.527296155460273));
#1676=CARTESIAN_POINT('Ctrl Pts',(-1.0211562006896,-0.228830842243353,0.5));
#1677=CARTESIAN_POINT('Ctrl Pts',(-0.581535623935569,-0.185219810806477,
0.5));
#1678=CARTESIAN_POINT('Ctrl Pts',(-0.762636786847673,-0.140372840136235,
0.509459873849546));
#1679=CARTESIAN_POINT('Ctrl Pts',(-0.891338350861958,-0.102803936240584,
0.527296155460273));
#1680=CARTESIAN_POINT('Ctrl Pts',(-0.96737210543126,-0.079194097981915,
0.5));
#1681=CARTESIAN_POINT('Ctrl Pts',(-0.581535623935569,0.185219810806477,
0.5));
#1682=CARTESIAN_POINT('Ctrl Pts',(-0.762636786847672,0.140372840136234,
0.509459873849546));
#1683=CARTESIAN_POINT('Ctrl Pts',(-0.891338350861958,0.102803936240584,
0.527296155460273));
#1684=CARTESIAN_POINT('Ctrl Pts',(-0.96737210543126,0.0791940979819148,
0.5));
#1685=CARTESIAN_POINT('Ctrl Pts',(-0.711765972728896,0.538204832551546,
0.5));
#1686=CARTESIAN_POINT('Ctrl Pts',(-0.849888292394215,0.40007361751512,0.509459873849546));
#1687=CARTESIAN_POINT('Ctrl Pts',(-0.956231858205863,0.293765950274973,
0.527296155460273));
#1688=CARTESIAN_POINT('Ctrl Pts',(-1.0211562006896,0.228830842243352,0.5));
#1689=CARTESIAN_POINT('Ctrl Pts',(-1.06475520074722,0.668461957921539,0.5));
#1690=CARTESIAN_POINT('Ctrl Pts',(-1.10962349000895,0.487353065895673,0.509459873849546));
#1691=CARTESIAN_POINT('Ctrl Pts',(-1.14715917285574,0.358669930023676,0.527296155460273));
#1692=CARTESIAN_POINT('Ctrl Pts',(-1.17079481176002,0.28262682135961,0.5));
#1693=CARTESIAN_POINT('Ctrl Pts',(-1.43518885180134,0.668253574779018,0.5));
#1694=CARTESIAN_POINT('Ctrl Pts',(-1.39029464249555,0.487178485184096,0.509459873849546));
#1695=CARTESIAN_POINT('Ctrl Pts',(-1.35284736631676,0.358536537262414,0.527296155460273));
#1696=CARTESIAN_POINT('Ctrl Pts',(-1.32918035789771,0.282534337705395,0.5));
#1697=CARTESIAN_POINT('Ctrl Pts',(-1.78809140120417,0.538503822395666,0.5));
#1698=CARTESIAN_POINT('Ctrl Pts',(-1.65010247590093,0.400290066073072,0.509459873849546));
#1699=CARTESIAN_POINT('Ctrl Pts',(-1.54354340274277,0.293998541477155,0.527296155460273));
#1700=CARTESIAN_POINT('Ctrl Pts',(-1.47878049966103,0.228963538549891,0.5));
#1701=CARTESIAN_POINT('Ctrl Pts',(-1.91765705289744,0.185266250581942,0.5));
#1702=CARTESIAN_POINT('Ctrl Pts',(-1.73635913628923,0.140471622614025,0.509459873849546));
#1703=CARTESIAN_POINT('Ctrl Pts',(-1.60854146616051,0.102761199615383,0.527296155460273));
#1704=CARTESIAN_POINT('Ctrl Pts',(-1.53226959208941,0.079214708670879,0.5));
#1705=CARTESIAN_POINT('Ctrl Pts',(-1.91765705289744,-1.41092034096053E-16,
0.5));
#1706=CARTESIAN_POINT('Ctrl Pts',(-1.73665087671094,-1.20683652101192E-16,
0.509459873849546));
#1707=CARTESIAN_POINT('Ctrl Pts',(-1.60818838977493,-1.0619955238352E-16,
0.527296155460273));
#1708=CARTESIAN_POINT('Ctrl Pts',(-1.53226959208941,-9.76397349430356E-17,
0.5));
#1709=CARTESIAN_POINT('',(-1.53226959208941,-1.94152682073135E-16,0.5));
#1710=CARTESIAN_POINT('Ctrl Pts',(-1.53226959208941,-1.94152682073135E-16,
0.5));
#1711=CARTESIAN_POINT('Ctrl Pts',(-1.53226959208941,-0.0792147086708794,
0.5));
#1712=CARTESIAN_POINT('Ctrl Pts',(-1.50552504587522,-0.154089123610385,
0.5));
#1713=CARTESIAN_POINT('Ctrl Pts',(-1.45475273732729,-0.204919030869014,
0.5));
#1714=CARTESIAN_POINT('Ctrl Pts',(-1.40398042877937,-0.255748938127644,
0.5));
#1715=CARTESIAN_POINT('Ctrl Pts',(-1.32918035789771,-0.282534337705396,
0.5));
#1716=CARTESIAN_POINT('Ctrl Pts',(-1.24998758482886,-0.282580579532503,
0.5));
#1717=CARTESIAN_POINT('Ctrl Pts',(-1.17079481176002,-0.282626821359611,
0.5));
#1718=CARTESIAN_POINT('Ctrl Pts',(-1.09597550622481,-0.255728831801482,
0.5));
#1719=CARTESIAN_POINT('Ctrl Pts',(-1.04511982964262,-0.204870650957058,
0.5));
#1720=CARTESIAN_POINT('Ctrl Pts',(-0.994264153060431,-0.154012470112634,
0.5));
#1721=CARTESIAN_POINT('Ctrl Pts',(-0.96737210543126,-0.0791940979819151,
0.5));
#1722=CARTESIAN_POINT('Ctrl Pts',(-0.96737210543126,-6.93889390390723E-17,
0.5));
#1723=CARTESIAN_POINT('Ctrl Pts',(-0.96737210543126,0.079194097981915,0.5));
#1724=CARTESIAN_POINT('Ctrl Pts',(-0.994264153060431,0.154012470112634,
0.5));
#1725=CARTESIAN_POINT('Ctrl Pts',(-1.04511982964262,0.204870650957058,0.5));
#1726=CARTESIAN_POINT('Ctrl Pts',(-1.09597550622481,0.255728831801482,0.5));
#1727=CARTESIAN_POINT('Ctrl Pts',(-1.17079481176002,0.282626821359611,0.5));
#1728=CARTESIAN_POINT('Ctrl Pts',(-1.24998758482886,0.282580579532503,0.5));
#1729=CARTESIAN_POINT('Ctrl Pts',(-1.32918035789771,0.282534337705396,0.5));
#1730=CARTESIAN_POINT('Ctrl Pts',(-1.40398042877937,0.255748938127643,0.5));
#1731=CARTESIAN_POINT('Ctrl Pts',(-1.45475273732729,0.204919030869014,0.5));
#1732=CARTESIAN_POINT('Ctrl Pts',(-1.50552504587522,0.154089123610385,0.5));
#1733=CARTESIAN_POINT('Ctrl Pts',(-1.53226959208941,0.0792147086708792,
0.5));
#1734=CARTESIAN_POINT('Ctrl Pts',(-1.53226959208941,6.93889390390723E-17,
0.5));
#1735=CARTESIAN_POINT('',(-1.91765705289744,-3.58553934663264E-16,0.5));
#1736=CARTESIAN_POINT('Ctrl Pts',(-1.91765705289744,-1.41092034096053E-16,
0.5));
#1737=CARTESIAN_POINT('Ctrl Pts',(-1.73665087671094,-1.20683652101192E-16,
0.509459873849546));
#1738=CARTESIAN_POINT('Ctrl Pts',(-1.60818838977493,-1.0619955238352E-16,
0.527296155460273));
#1739=CARTESIAN_POINT('Ctrl Pts',(-1.53226959208941,-9.76397349430356E-17,
0.5));
#1740=CARTESIAN_POINT('Ctrl Pts',(-1.91765705289744,-1.38777878078145E-16,
0.5));
#1741=CARTESIAN_POINT('Ctrl Pts',(-1.91765705289744,0.185266250581941,0.5));
#1742=CARTESIAN_POINT('Ctrl Pts',(-1.8528742270508,0.361885036488803,0.5));
#1743=CARTESIAN_POINT('Ctrl Pts',(-1.73225717677678,0.482631867538071,0.5));
#1744=CARTESIAN_POINT('Ctrl Pts',(-1.61164012650276,0.60337869858734,0.5));
#1745=CARTESIAN_POINT('Ctrl Pts',(-1.43518885180134,0.668253574779015,0.5));
#1746=CARTESIAN_POINT('Ctrl Pts',(-1.24997202627428,0.668357766350276,0.5));
#1747=CARTESIAN_POINT('Ctrl Pts',(-1.06475520074722,0.668461957921537,0.5));
#1748=CARTESIAN_POINT('Ctrl Pts',(-0.888260586738059,0.60333339523654,0.5));
#1749=CARTESIAN_POINT('Ctrl Pts',(-0.767455692535147,0.482522858457775,
0.5));
#1750=CARTESIAN_POINT('Ctrl Pts',(-0.646650798332235,0.36171232167901,0.5));
#1751=CARTESIAN_POINT('Ctrl Pts',(-0.581535623935572,0.185219810806476,
0.5));
#1752=CARTESIAN_POINT('Ctrl Pts',(-0.581535623935572,-3.12250225675825E-16,
0.5));
#1753=CARTESIAN_POINT('Ctrl Pts',(-0.581535623935572,-0.185219810806477,
0.5));
#1754=CARTESIAN_POINT('Ctrl Pts',(-0.646650798332235,-0.361712321679011,
0.5));
#1755=CARTESIAN_POINT('Ctrl Pts',(-0.767455692535147,-0.482522858457776,
0.5));
#1756=CARTESIAN_POINT('Ctrl Pts',(-0.888260586738059,-0.603333395236541,
0.5));
#1757=CARTESIAN_POINT('Ctrl Pts',(-1.06475520074722,-0.668461957921537,
0.5));
#1758=CARTESIAN_POINT('Ctrl Pts',(-1.24997202627428,-0.668357766350277,
0.5));
#1759=CARTESIAN_POINT('Ctrl Pts',(-1.43518885180134,-0.668253574779016,
0.5));
#1760=CARTESIAN_POINT('Ctrl Pts',(-1.61164012650276,-0.60337869858734,0.5));
#1761=CARTESIAN_POINT('Ctrl Pts',(-1.73225717677678,-0.482631867538072,
0.5));
#1762=CARTESIAN_POINT('Ctrl Pts',(-1.8528742270508,-0.361885036488803,0.5));
#1763=CARTESIAN_POINT('Ctrl Pts',(-1.91765705289744,-0.185266250581941,
0.5));
#1764=CARTESIAN_POINT('Ctrl Pts',(-1.91765705289744,-3.58553934663264E-16,
0.5));
#1765=CARTESIAN_POINT('Origin',(-1.25,-3.01028263107424E-16,0.5));
#1766=CARTESIAN_POINT('Ctrl Pts',(0.582342947102559,-1.15667400922865E-16,
0.5));
#1767=CARTESIAN_POINT('Ctrl Pts',(0.763349123289062,-8.64154181295673E-17,
0.509459873849546));
#1768=CARTESIAN_POINT('Ctrl Pts',(0.891811610225071,-3.61359128153326E-17,
0.527296155460273));
#1769=CARTESIAN_POINT('Ctrl Pts',(0.967730407910588,8.95238026614724E-19,
0.5));
#1770=CARTESIAN_POINT('Ctrl Pts',(0.582342947102559,-0.185266250581942,
0.5));
#1771=CARTESIAN_POINT('Ctrl Pts',(0.763640863710767,-0.140471622614025,
0.509459873849546));
#1772=CARTESIAN_POINT('Ctrl Pts',(0.891458533839491,-0.102761199615383,
0.527296155460273));
#1773=CARTESIAN_POINT('Ctrl Pts',(0.967730407910588,-0.0792147086708792,
0.5));
#1774=CARTESIAN_POINT('Ctrl Pts',(0.711908598795828,-0.538503822395667,
0.5));
#1775=CARTESIAN_POINT('Ctrl Pts',(0.849897524099069,-0.400290066073072,
0.509459873849546));
#1776=CARTESIAN_POINT('Ctrl Pts',(0.956456597257235,-0.293998541477156,
0.527296155460273));
#1777=CARTESIAN_POINT('Ctrl Pts',(1.02121950033897,-0.228963538549891,0.5));
#1778=CARTESIAN_POINT('Ctrl Pts',(1.06481114819866,-0.668253574779018,0.5));
#1779=CARTESIAN_POINT('Ctrl Pts',(1.10970535750445,-0.487178485184096,0.509459873849546));
#1780=CARTESIAN_POINT('Ctrl Pts',(1.14715263368324,-0.358536537262414,0.527296155460273));
#1781=CARTESIAN_POINT('Ctrl Pts',(1.17081964210229,-0.282534337705396,0.5));
#1782=CARTESIAN_POINT('Ctrl Pts',(1.43524479925278,-0.66846195792154,0.5));
#1783=CARTESIAN_POINT('Ctrl Pts',(1.39037650999105,-0.487353065895674,0.509459873849546));
#1784=CARTESIAN_POINT('Ctrl Pts',(1.35284082714426,-0.358669930023676,0.527296155460273));
#1785=CARTESIAN_POINT('Ctrl Pts',(1.32920518823998,-0.282626821359611,0.5));
#1786=CARTESIAN_POINT('Ctrl Pts',(1.7882340272711,-0.538204832551547,0.5));
#1787=CARTESIAN_POINT('Ctrl Pts',(1.65011170760578,-0.40007361751512,0.509459873849546));
#1788=CARTESIAN_POINT('Ctrl Pts',(1.54376814179414,-0.293765950274974,0.527296155460273));
#1789=CARTESIAN_POINT('Ctrl Pts',(1.4788437993104,-0.228830842243353,0.5));
#1790=CARTESIAN_POINT('Ctrl Pts',(1.91846437606443,-0.185219810806477,0.5));
#1791=CARTESIAN_POINT('Ctrl Pts',(1.73736321315233,-0.140372840136235,0.509459873849546));
#1792=CARTESIAN_POINT('Ctrl Pts',(1.60866164913804,-0.102803936240584,0.527296155460273));
#1793=CARTESIAN_POINT('Ctrl Pts',(1.53262789456874,-0.0791940979819149,
0.5));
#1794=CARTESIAN_POINT('Ctrl Pts',(1.91846437606443,0.185219810806477,0.5));
#1795=CARTESIAN_POINT('Ctrl Pts',(1.73736321315233,0.140372840136235,0.509459873849546));
#1796=CARTESIAN_POINT('Ctrl Pts',(1.60866164913804,0.102803936240584,0.527296155460273));
#1797=CARTESIAN_POINT('Ctrl Pts',(1.53262789456874,0.079194097981915,0.5));
#1798=CARTESIAN_POINT('Ctrl Pts',(1.7882340272711,0.538204832551546,0.5));
#1799=CARTESIAN_POINT('Ctrl Pts',(1.65011170760578,0.40007361751512,0.509459873849546));
#1800=CARTESIAN_POINT('Ctrl Pts',(1.54376814179414,0.293765950274973,0.527296155460273));
#1801=CARTESIAN_POINT('Ctrl Pts',(1.4788437993104,0.228830842243353,0.5));
#1802=CARTESIAN_POINT('Ctrl Pts',(1.43524479925278,0.66846195792154,0.5));
#1803=CARTESIAN_POINT('Ctrl Pts',(1.39037650999105,0.487353065895674,0.509459873849546));
#1804=CARTESIAN_POINT('Ctrl Pts',(1.35284082714426,0.358669930023676,0.527296155460273));
#1805=CARTESIAN_POINT('Ctrl Pts',(1.32920518823998,0.282626821359611,0.5));
#1806=CARTESIAN_POINT('Ctrl Pts',(1.06481114819866,0.668253574779019,0.5));
#1807=CARTESIAN_POINT('Ctrl Pts',(1.10970535750445,0.487178485184097,0.509459873849546));
#1808=CARTESIAN_POINT('Ctrl Pts',(1.14715263368324,0.358536537262414,0.527296155460273));
#1809=CARTESIAN_POINT('Ctrl Pts',(1.17081964210229,0.282534337705396,0.5));
#1810=CARTESIAN_POINT('Ctrl Pts',(0.711908598795828,0.538503822395667,0.5));
#1811=CARTESIAN_POINT('Ctrl Pts',(0.849897524099068,0.400290066073072,0.509459873849546));
#1812=CARTESIAN_POINT('Ctrl Pts',(0.956456597257235,0.293998541477155,0.527296155460273));
#1813=CARTESIAN_POINT('Ctrl Pts',(1.02121950033897,0.228963538549891,0.5));
#1814=CARTESIAN_POINT('Ctrl Pts',(0.582342947102559,0.185266250581942,0.5));
#1815=CARTESIAN_POINT('Ctrl Pts',(0.763640863710767,0.140471622614025,0.509459873849546));
#1816=CARTESIAN_POINT('Ctrl Pts',(0.891458533839491,0.102761199615383,0.527296155460273));
#1817=CARTESIAN_POINT('Ctrl Pts',(0.967730407910588,0.0792147086708793,
0.5));
#1818=CARTESIAN_POINT('Ctrl Pts',(0.582342947102559,1.01794499644346E-16,
0.5));
#1819=CARTESIAN_POINT('Ctrl Pts',(0.763349123289062,9.97343651207862E-17,
0.509459873849546));
#1820=CARTESIAN_POINT('Ctrl Pts',(0.891811610225071,9.82722602915754E-17,
0.527296155460273));
#1821=CARTESIAN_POINT('Ctrl Pts',(0.967730407910588,9.7408185156714E-17,
0.5));
#1822=CARTESIAN_POINT('',(0.967730407910588,8.9523802661461E-19,0.5));
#1823=CARTESIAN_POINT('Ctrl Pts',(0.967730407910588,8.95238026614541E-19,
0.5));
#1824=CARTESIAN_POINT('Ctrl Pts',(0.967730407910588,-0.0792147086708793,
0.5));
#1825=CARTESIAN_POINT('Ctrl Pts',(0.99447495412478,-0.154089123610385,0.5));
#1826=CARTESIAN_POINT('Ctrl Pts',(1.04524726267271,-0.204919030869014,0.5));
#1827=CARTESIAN_POINT('Ctrl Pts',(1.09601957122063,-0.255748938127644,0.5));
#1828=CARTESIAN_POINT('Ctrl Pts',(1.17081964210229,-0.282534337705396,0.5));
#1829=CARTESIAN_POINT('Ctrl Pts',(1.25001241517114,-0.282580579532503,0.5));
#1830=CARTESIAN_POINT('Ctrl Pts',(1.32920518823998,-0.282626821359611,0.5));
#1831=CARTESIAN_POINT('Ctrl Pts',(1.40402449377519,-0.255728831801482,0.5));
#1832=CARTESIAN_POINT('Ctrl Pts',(1.45488017035738,-0.204870650957058,0.5));
#1833=CARTESIAN_POINT('Ctrl Pts',(1.50573584693957,-0.154012470112634,0.5));
#1834=CARTESIAN_POINT('Ctrl Pts',(1.53262789456874,-0.079194097981915,0.5));
#1835=CARTESIAN_POINT('Ctrl Pts',(1.53262789456874,6.93889390390723E-17,
0.5));
#1836=CARTESIAN_POINT('Ctrl Pts',(1.53262789456874,0.0791940979819152,0.5));
#1837=CARTESIAN_POINT('Ctrl Pts',(1.50573584693957,0.154012470112634,0.5));
#1838=CARTESIAN_POINT('Ctrl Pts',(1.45488017035738,0.204870650957058,0.5));
#1839=CARTESIAN_POINT('Ctrl Pts',(1.40402449377519,0.255728831801482,0.5));
#1840=CARTESIAN_POINT('Ctrl Pts',(1.32920518823998,0.282626821359611,0.5));
#1841=CARTESIAN_POINT('Ctrl Pts',(1.25001241517114,0.282580579532504,0.5));
#1842=CARTESIAN_POINT('Ctrl Pts',(1.17081964210229,0.282534337705396,0.5));
#1843=CARTESIAN_POINT('Ctrl Pts',(1.09601957122063,0.255748938127644,0.5));
#1844=CARTESIAN_POINT('Ctrl Pts',(1.04524726267271,0.204919030869014,0.5));
#1845=CARTESIAN_POINT('Ctrl Pts',(0.99447495412478,0.154089123610385,0.5));
#1846=CARTESIAN_POINT('Ctrl Pts',(0.967730407910588,0.0792147086708793,
0.5));
#1847=CARTESIAN_POINT('Ctrl Pts',(0.967730407910588,6.93889390390723E-17,
0.5));
#1848=CARTESIAN_POINT('',(0.582342947102561,-1.15667400922865E-16,0.5));
#1849=CARTESIAN_POINT('Ctrl Pts',(0.582342947102559,1.01794499644346E-16,
0.5));
#1850=CARTESIAN_POINT('Ctrl Pts',(0.763349123289062,9.97343651207862E-17,
0.509459873849546));
#1851=CARTESIAN_POINT('Ctrl Pts',(0.891811610225071,9.82722602915754E-17,
0.527296155460273));
#1852=CARTESIAN_POINT('Ctrl Pts',(0.967730407910588,9.7408185156714E-17,
0.5));
#1853=CARTESIAN_POINT('Ctrl Pts',(0.582342947102561,6.93889390390723E-17,
0.5));
#1854=CARTESIAN_POINT('Ctrl Pts',(0.582342947102561,0.185266250581941,0.5));
#1855=CARTESIAN_POINT('Ctrl Pts',(0.647125772949195,0.361885036488803,0.5));
#1856=CARTESIAN_POINT('Ctrl Pts',(0.76774282322322,0.482631867538072,0.5));
#1857=CARTESIAN_POINT('Ctrl Pts',(0.888359873497244,0.603378698587341,0.5));
#1858=CARTESIAN_POINT('Ctrl Pts',(1.06481114819866,0.668253574779017,0.5));
#1859=CARTESIAN_POINT('Ctrl Pts',(1.25002797372572,0.668357766350277,0.5));
#1860=CARTESIAN_POINT('Ctrl Pts',(1.43524479925278,0.668461957921538,0.5));
#1861=CARTESIAN_POINT('Ctrl Pts',(1.61173941326194,0.603333395236542,0.5));
#1862=CARTESIAN_POINT('Ctrl Pts',(1.73254430746485,0.482522858457776,0.5));
#1863=CARTESIAN_POINT('Ctrl Pts',(1.85334920166777,0.361712321679011,0.5));
#1864=CARTESIAN_POINT('Ctrl Pts',(1.91846437606443,0.185219810806477,0.5));
#1865=CARTESIAN_POINT('Ctrl Pts',(1.91846437606443,-9.59948313210006E-32,
0.5));
#1866=CARTESIAN_POINT('Ctrl Pts',(1.91846437606443,-0.185219810806477,0.5));
#1867=CARTESIAN_POINT('Ctrl Pts',(1.85334920166777,-0.361712321679011,0.5));
#1868=CARTESIAN_POINT('Ctrl Pts',(1.73254430746485,-0.482522858457776,0.5));
#1869=CARTESIAN_POINT('Ctrl Pts',(1.61173941326194,-0.603333395236542,0.5));
#1870=CARTESIAN_POINT('Ctrl Pts',(1.43524479925278,-0.668461957921538,0.5));
#1871=CARTESIAN_POINT('Ctrl Pts',(1.25002797372572,-0.668357766350277,0.5));
#1872=CARTESIAN_POINT('Ctrl Pts',(1.06481114819866,-0.668253574779016,0.5));
#1873=CARTESIAN_POINT('Ctrl Pts',(0.888359873497244,-0.603378698587341,
0.5));
#1874=CARTESIAN_POINT('Ctrl Pts',(0.76774282322322,-0.482631867538072,0.5));
#1875=CARTESIAN_POINT('Ctrl Pts',(0.647125772949195,-0.361885036488803,
0.5));
#1876=CARTESIAN_POINT('Ctrl Pts',(0.582342947102561,-0.185266250581941,
0.5));
#1877=CARTESIAN_POINT('Ctrl Pts',(0.582342947102561,-1.15667400922865E-16,
0.5));
#1878=CARTESIAN_POINT('Origin',(1.25,-1.6887595645861E-17,0.5));
#1879=UNCERTAINTY_MEASURE_WITH_UNIT(LENGTH_MEASURE(0.01),#1883,
'DISTANCE_ACCURACY_VALUE',
'Maximum model space distance between geometric entities at asserted c
onnectivities');
#1880=UNCERTAINTY_MEASURE_WITH_UNIT(LENGTH_MEASURE(0.01),#1883,
'DISTANCE_ACCURACY_VALUE',
'Maximum model space distance between geometric entities at asserted c
onnectivities');
#1881=(
GEOMETRIC_REPRESENTATION_CONTEXT(3)
GLOBAL_UNCERTAINTY_ASSIGNED_CONTEXT((#1879))
GLOBAL_UNIT_ASSIGNED_CONTEXT((#1883,#1885,#1886))
REPRESENTATION_CONTEXT('','3D')
);
#1882=(
GEOMETRIC_REPRESENTATION_CONTEXT(3)
GLOBAL_UNCERTAINTY_ASSIGNED_CONTEXT((#1880))
GLOBAL_UNIT_ASSIGNED_CONTEXT((#1883,#1885,#1886))
REPRESENTATION_CONTEXT('','3D')
);
#1883=(
LENGTH_UNIT()
NAMED_UNIT(*)
SI_UNIT(.MILLI.,.METRE.)
);
#1884=(
LENGTH_UNIT()
NAMED_UNIT(*)
SI_UNIT($,.METRE.)
);
#1885=(
NAMED_UNIT(*)
PLANE_ANGLE_UNIT()
SI_UNIT($,.RADIAN.)
);
#1886=(
NAMED_UNIT(*)
SI_UNIT($,.STERADIAN.)
SOLID_ANGLE_UNIT()
);
#1887=SHAPE_DEFINITION_REPRESENTATION(#1888,#1889);
#1888=PRODUCT_DEFINITION_SHAPE('',$,#1891);
#1889=SHAPE_REPRESENTATION('',(#935),#1881);
#1890=PRODUCT_DEFINITION_CONTEXT('part definition',#1895,'design');
#1891=PRODUCT_DEFINITION('FILM_RED_P250L460W300H750PD40',
'FILM_RED_P250L460W300H750PD40 v0',#1892,#1890);
#1892=PRODUCT_DEFINITION_FORMATION('',$,#1897);
#1893=PRODUCT_RELATED_PRODUCT_CATEGORY(
'FILM_RED_P250L460W300H750PD40 v0','FILM_RED_P250L460W300H750PD40 v0',(#1897));
#1894=APPLICATION_PROTOCOL_DEFINITION('international standard',
'automotive_design',2009,#1895);
#1895=APPLICATION_CONTEXT(
'Core Data for Automotive Mechanical Design Process');
#1896=PRODUCT_CONTEXT('part definition',#1895,'mechanical');
#1897=PRODUCT('FILM_RED_P250L460W300H750PD40',
'FILM_RED_P250L460W300H750PD40 v0',$,(#1896));
#1898=PRESENTATION_STYLE_ASSIGNMENT((#1903));
#1899=PRESENTATION_STYLE_ASSIGNMENT((#1904));
#1900=PRESENTATION_STYLE_ASSIGNMENT((#1905));
#1901=PRESENTATION_STYLE_ASSIGNMENT((#1906));
#1902=PRESENTATION_STYLE_ASSIGNMENT((#1907));
#1903=SURFACE_STYLE_USAGE(.BOTH.,#1908);
#1904=SURFACE_STYLE_USAGE(.BOTH.,#1909);
#1905=SURFACE_STYLE_USAGE(.BOTH.,#1910);
#1906=SURFACE_STYLE_USAGE(.BOTH.,#1911);
#1907=SURFACE_STYLE_USAGE(.BOTH.,#1912);
#1908=SURFACE_SIDE_STYLE('',(#1913));
#1909=SURFACE_SIDE_STYLE('',(#1914));
#1910=SURFACE_SIDE_STYLE('',(#1915));
#1911=SURFACE_SIDE_STYLE('',(#1916));
#1912=SURFACE_SIDE_STYLE('',(#1917));
#1913=SURFACE_STYLE_FILL_AREA(#1918);
#1914=SURFACE_STYLE_FILL_AREA(#1919);
#1915=SURFACE_STYLE_FILL_AREA(#1920);
#1916=SURFACE_STYLE_FILL_AREA(#1921);
#1917=SURFACE_STYLE_FILL_AREA(#1922);
#1918=FILL_AREA_STYLE('Steel - Satin',(#1923));
#1919=FILL_AREA_STYLE('WIMA_RED',(#1924));
#1920=FILL_AREA_STYLE('WIMA_YELLOW',(#1925));
#1921=FILL_AREA_STYLE('Pin color grey',(#1926));
#1922=FILL_AREA_STYLE('Pin color grey',(#1927));
#1923=FILL_AREA_STYLE_COLOUR('Steel - Satin',#1928);
#1924=FILL_AREA_STYLE_COLOUR('WIMA_RED',#1929);
#1925=FILL_AREA_STYLE_COLOUR('WIMA_YELLOW',#1930);
#1926=FILL_AREA_STYLE_COLOUR('Pin color grey',#1931);
#1927=FILL_AREA_STYLE_COLOUR('Pin color grey',#1932);
#1928=COLOUR_RGB('Steel - Satin',0.627450980392157,0.627450980392157,0.627450980392157);
#1929=COLOUR_RGB('WIMA_RED',0.862745098039216,0.235294117647059,0.235294117647059);
#1930=COLOUR_RGB('WIMA_YELLOW',0.901960784313726,0.823529411764706,0.254901960784314);
#1931=COLOUR_RGB('Pin color grey',0.701960784313725,0.701960784313725,0.701960784313725);
#1932=COLOUR_RGB('Pin color grey',0.701960784313725,0.701960784313725,0.701960784313725);
ENDSEC;
END-ISO-10303-21;
