ISO-10303-21;
HEADER;
FILE_DESCRIPTION (( 'STEP AP214' ),
    '1' );
FILE_NAME ('Part1.STEP',
    '2025-02-12T20:04:20',
    ( '' ),
    ( '' ),
    'SwSTEP 2.0',
    'SolidWorks 2023',
    '' );
FILE_SCHEMA (( 'AUTOMOTIVE_DESIGN' ));
ENDSEC;

DATA;
#1 = ORIENTED_EDGE ( 'NONE', *, *, #1218, .T. ) ;
#2 = CARTESIAN_POINT ( 'NONE',  ( -2.500000000000000000, 14.00000000000000000, 3.614007241618347785E-16 ) ) ;
#3 = DIRECTION ( 'NONE',  ( 0.000000000000000000, 0.000000000000000000, -1.000000000000000000 ) ) ;
#4 = ORIENTED_EDGE ( 'NONE', *, *, #1107, .F. ) ;
#5 = DIRECTION ( 'NONE',  ( -0.000000000000000000, 1.000000000000000000, -0.000000000000000000 ) ) ;
#6 = EDGE_LOOP ( 'NONE', ( #821, #55, #371 ) ) ;
#7 = DIRECTION ( 'NONE',  ( -1.000000000000000000, 0.000000000000000000, -0.000000000000000000 ) ) ;
#8 = ADVANCED_FACE ( 'NONE', ( #1227 ), #621, .T. ) ;
#9 = CARTESIAN_POINT ( 'NONE',  ( 1.687000271646225347, 6.174692604635150239, 0.4800311250499668114 ) ) ;
#10 = PLANE ( 'NONE',  #511 ) ;
#11 = ADVANCED_FACE ( 'NONE', ( #1833 ), #453, .T. ) ;
#12 = PLANE ( 'NONE',  #1185 ) ;
#13 = VECTOR ( 'NONE', #1627, 1000.000000000000000 ) ;
#14 = TOROIDAL_SURFACE ( 'NONE', #868, 2.500000000000000444, 0.5000000000000000000 ) ;
#15 = EDGE_CURVE ( 'NONE', #1830, #464, #780, .T. ) ;
#16 = DIRECTION ( 'NONE',  ( 0.000000000000000000, -1.000000000000000000, 0.000000000000000000 ) ) ;
#17 = ORIENTED_EDGE ( 'NONE', *, *, #238, .T. ) ;
#18 = DIRECTION ( 'NONE',  ( 0.000000000000000000, 0.000000000000000000, -1.000000000000000000 ) ) ;
#19 = CYLINDRICAL_SURFACE ( 'NONE', #1605, 0.5000000000000000000 ) ;
#20 = CARTESIAN_POINT ( 'NONE',  ( 0.000000000000000000, 3.600000000000000089, 0.000000000000000000 ) ) ;
#21 = ORIENTED_EDGE ( 'NONE', *, *, #1371, .F. ) ;
#22 = ADVANCED_FACE ( 'NONE', ( #1502 ), #1998, .T. ) ;
#23 = CARTESIAN_POINT ( 'NONE',  ( -2.999999999999999556, 14.00000000000000000, 2.500000000000000000 ) ) ;
#24 = VERTEX_POINT ( 'NONE', #119 ) ;
#25 = AXIS2_PLACEMENT_3D ( 'NONE', #1888, #16, #171 ) ;
#26 = CARTESIAN_POINT ( 'NONE',  ( -2.000000000000000000, 10.90000000000000036, 2.499999999999999556 ) ) ;
#27 = LINE ( 'NONE', #969, #1310 ) ;
#28 = CARTESIAN_POINT ( 'NONE',  ( 0.000000000000000000, 14.00000000000000000, -2.500000000000000000 ) ) ;
#29 = ADVANCED_FACE ( 'NONE', ( #1238, #1247 ), #1977, .F. ) ;
#30 = ORIENTED_EDGE ( 'NONE', *, *, #140, .F. ) ;
#31 = DIRECTION ( 'NONE',  ( 1.000000000000000000, 0.000000000000000000, 0.000000000000000000 ) ) ;
#32 = MANIFOLD_SOLID_BREP ( 'Boss-Extrude2', #885 ) ;
#33 = VERTEX_POINT ( 'NONE', #1554 ) ;
#34 = CARTESIAN_POINT ( 'NONE',  ( -2.999999999999999556, 14.50000000000000000, 3.000000000000000000 ) ) ;
#35 = FACE_OUTER_BOUND ( 'NONE', #377, .T. ) ;
#36 = AXIS2_PLACEMENT_3D ( 'NONE', #1753, #1003, #1743 ) ;
#37 = DIRECTION ( 'NONE',  ( -0.000000000000000000, 1.000000000000000000, 0.000000000000000000 ) ) ;
#38 = VECTOR ( 'NONE', #1277, 1000.000000000000000 ) ;
#39 = ORIENTED_EDGE ( 'NONE', *, *, #1648, .T. ) ;
#40 = DIRECTION ( 'NONE',  ( -1.000000000000000000, 0.000000000000000000, 0.000000000000000000 ) ) ;
#41 = ORIENTED_EDGE ( 'NONE', *, *, #450, .F. ) ;
#42 = EDGE_CURVE ( 'NONE', #537, #24, #1543, .T. ) ;
#43 = AXIS2_PLACEMENT_3D ( 'NONE', #1831, #1811, #289 ) ;
#44 = CARTESIAN_POINT ( 'NONE',  ( -2.000000000000000000, 14.50000000000000000, -2.500000000000000000 ) ) ;
#45 = EDGE_CURVE ( 'NONE', #1762, #1697, #968, .T. ) ;
#46 = ORIENTED_EDGE ( 'NONE', *, *, #815, .F. ) ;
#47 = CARTESIAN_POINT ( 'NONE',  ( 0.000000000000000000, 7.249999999999999112, 3.000000000000000000 ) ) ;
#48 = CARTESIAN_POINT ( 'NONE',  ( 0.3756097180881738384, 1.000000000000000000, 2.976393344246980543 ) ) ;
#49 = AXIS2_PLACEMENT_3D ( 'NONE', #775, #129, #1541 ) ;
#50 = ORIENTED_EDGE ( 'NONE', *, *, #1244, .F. ) ;
#51 = LINE ( 'NONE', #677, #93 ) ;
#52 = EDGE_LOOP ( 'NONE', ( #709, #151, #123 ) ) ;
#53 = CARTESIAN_POINT ( 'NONE',  ( 2.500000000000000000, 7.249999999999999112, 2.500000000000000444 ) ) ;
#54 = ADVANCED_FACE ( 'NONE', ( #1593 ), #10, .F. ) ;
#55 = ORIENTED_EDGE ( 'NONE', *, *, #1923, .T. ) ;
#56 = LINE ( 'NONE', #715, #1006 ) ;
#57 = CARTESIAN_POINT ( 'NONE',  ( 0.000000000000000000, 1.500000000000000000, 0.000000000000000000 ) ) ;
#58 = VECTOR ( 'NONE', #793, 1000.000000000000000 ) ;
#59 = ORIENTED_EDGE ( 'NONE', *, *, #522, .T. ) ;
#60 = LINE ( 'NONE', #1934, #731 ) ;
#61 = VECTOR ( 'NONE', #996, 1000.000000000000000 ) ;
#62 = CARTESIAN_POINT ( 'NONE',  ( 2.500000000000000000, 10.40000000000000036, 3.000000000000000000 ) ) ;
#63 = ORIENTED_EDGE ( 'NONE', *, *, #827, .T. ) ;
#64 = DIRECTION ( 'NONE',  ( 0.000000000000000000, -1.000000000000000000, 0.000000000000000000 ) ) ;
#65 = CARTESIAN_POINT ( 'NONE',  ( -2.500000000000000444, 14.00000000000000000, -2.500000000000000000 ) ) ;
#66 = EDGE_CURVE ( 'NONE', #1861, #1151, #579, .T. ) ;
#67 = VERTEX_POINT ( 'NONE', #1127 ) ;
#68 = CARTESIAN_POINT ( 'NONE',  ( -0.2507305649522291735, 5.262035895808112151, -1.736279021235215270 ) ) ;
#69 = CARTESIAN_POINT ( 'NONE',  ( 0.000000000000000000, 3.600000000000000089, 0.000000000000000000 ) ) ;
#70 = EDGE_CURVE ( 'NONE', #729, #608, #1433, .T. ) ;
#71 = ORIENTED_EDGE ( 'NONE', *, *, #105, .F. ) ;
#72 = LINE ( 'NONE', #82, #1699 ) ;
#73 = EDGE_LOOP ( 'NONE', ( #736, #1668, #1217, #59 ) ) ;
#74 = ORIENTED_EDGE ( 'NONE', *, *, #407, .T. ) ;
#75 = VECTOR ( 'NONE', #1635, 1000.000000000000000 ) ;
#76 = DIRECTION ( 'NONE',  ( 1.000000000000000000, -0.000000000000000000, 0.000000000000000000 ) ) ;
#77 = CARTESIAN_POINT ( 'NONE',  ( 0.000000000000000000, 3.600000000000000089, -3.000000000000000444 ) ) ;
#78 = CARTESIAN_POINT ( 'NONE',  ( -1.736968626705216234, 6.257468070212360622, -0.2434653015904569562 ) ) ;
#79 = CARTESIAN_POINT ( 'NONE',  ( -0.3756097180881736719, 0.3685534673088088353, 2.976393344247004080 ) ) ;
#80 = AXIS2_PLACEMENT_3D ( 'NONE', #931, #773, #1539 ) ;
#81 = ORIENTED_EDGE ( 'NONE', *, *, #1286, .T. ) ;
#82 = CARTESIAN_POINT ( 'NONE',  ( 2.000000000000000000, 14.50000000000000000, -3.000000000000000000 ) ) ;
#83 = ADVANCED_FACE ( 'NONE', ( #1417 ), #1864, .T. ) ;
#84 = ORIENTED_EDGE ( 'NONE', *, *, #220, .F. ) ;
#85 = LINE ( 'NONE', #1949, #1746 ) ;
#86 = ORIENTED_EDGE ( 'NONE', *, *, #584, .T. ) ;
#87 = DIRECTION ( 'NONE',  ( -1.000000000000000000, -0.000000000000000000, -0.000000000000000000 ) ) ;
#88 = CARTESIAN_POINT ( 'NONE',  ( 0.000000000000000000, 10.90000000000000036, 0.000000000000000000 ) ) ;
#89 = ORIENTED_EDGE ( 'NONE', *, *, #997, .F. ) ;
#90 = CARTESIAN_POINT ( 'NONE',  ( -0.9276433584498002816, 5.463150296442863763, -1.502601284458002784 ) ) ;
#91 = AXIS2_PLACEMENT_3D ( 'NONE', #1899, #861, #247 ) ;
#92 = VERTEX_POINT ( 'NONE', #502 ) ;
#93 = VECTOR ( 'NONE', #210, 1000.000000000000000 ) ;
#94 = FACE_OUTER_BOUND ( 'NONE', #1804, .T. ) ;
#95 = ORIENTED_EDGE ( 'NONE', *, *, #1584, .T. ) ;
#96 = AXIS2_PLACEMENT_3D ( 'NONE', #1193, #1995, #738 ) ;
#97 = ORIENTED_EDGE ( 'NONE', *, *, #659, .T. ) ;
#98 =( LENGTH_UNIT ( ) NAMED_UNIT ( * ) SI_UNIT ( .MILLI., .METRE. ) );
#99 = EDGE_CURVE ( 'NONE', #1970, #671, #672, .T. ) ;
#100 = ORIENTED_EDGE ( 'NONE', *, *, #1979, .F. ) ;
#101 = CARTESIAN_POINT ( 'NONE',  ( 0.5996621911038765296, 5.338538351863397757, 1.648269903926975477 ) ) ;
#102 = FACE_OUTER_BOUND ( 'NONE', #1370, .T. ) ;
#103 = VECTOR ( 'NONE', #1068, 1000.000000000000000 ) ;
#105 = EDGE_CURVE ( 'NONE', #1337, #755, #1104, .T. ) ;
#104 = CARTESIAN_POINT ( 'NONE',  ( 2.979824877512517123, 0.4999999999999997780, -0.3473380188771850730 ) ) ;
#106 = CARTESIAN_POINT ( 'NONE',  ( -2.500000000000000444, 10.40000000000000036, -3.000000000000000000 ) ) ;
#107 = VERTEX_POINT ( 'NONE', #476 ) ;
#108 = DIRECTION ( 'NONE',  ( 0.000000000000000000, 0.000000000000000000, -1.000000000000000000 ) ) ;
#109 = ORIENTED_EDGE ( 'NONE', *, *, #1574, .F. ) ;
#110 = PRODUCT_CONTEXT ( 'NONE', #1931, 'mechanical' ) ;
#111 = ORIENTED_EDGE ( 'NONE', *, *, #1108, .F. ) ;
#112 = LINE ( 'NONE', #1049, #1237 ) ;
#113 = DIRECTION ( 'NONE',  ( 0.000000000000000000, 0.000000000000000000, -1.000000000000000000 ) ) ;
#114 = AXIS2_PLACEMENT_3D ( 'NONE', #1524, #1690, #321 ) ;
#115 = EDGE_CURVE ( 'NONE', #1769, #1239, #313, .T. ) ;
#116 = CIRCLE ( 'NONE', #1251, 3.000000000000000444 ) ;
#117 = CARTESIAN_POINT ( 'NONE',  ( -2.499999999999999556, 14.00000000000000000, 2.500000000000000000 ) ) ;
#118 = CYLINDRICAL_SURFACE ( 'NONE', #836, 0.5000000000000000000 ) ;
#119 = CARTESIAN_POINT ( 'NONE',  ( 2.143131898507868297E-16, 2.000000000000000000, 1.750000000000000000 ) ) ;
#120 = AXIS2_PLACEMENT_3D ( 'NONE', #552, #891, #727 ) ;
#121 = FACE_OUTER_BOUND ( 'NONE', #666, .T. ) ;
#122 = ORIENTED_EDGE ( 'NONE', *, *, #1776, .F. ) ;
#123 = ORIENTED_EDGE ( 'NONE', *, *, #291, .F. ) ;
#124 = CARTESIAN_POINT ( 'NONE',  ( -0.3756097180881738384, 0.000000000000000000, -0.3473380188771850730 ) ) ;
#125 = DIRECTION ( 'NONE',  ( 0.000000000000000000, 1.000000000000000000, 0.000000000000000000 ) ) ;
#126 = DIRECTION ( 'NONE',  ( 0.000000000000000000, 0.000000000000000000, -1.000000000000000000 ) ) ;
#127 = ADVANCED_FACE ( 'NONE', ( #35 ), #19, .T. ) ;
#128 = DIRECTION ( 'NONE',  ( 0.000000000000000000, -1.000000000000000000, 0.000000000000000000 ) ) ;
#129 = DIRECTION ( 'NONE',  ( 0.000000000000000000, -1.000000000000000000, 0.000000000000000000 ) ) ;
#130 = CARTESIAN_POINT ( 'NONE',  ( -2.499999999999999556, 14.00000000000000000, 2.500000000000000000 ) ) ;
#131 = AXIS2_PLACEMENT_3D ( 'NONE', #1270, #489, #810 ) ;
#132 = VERTEX_POINT ( 'NONE', #641 ) ;
#133 = AXIS2_PLACEMENT_3D ( 'NONE', #1622, #87, #1797 ) ;
#134 = CARTESIAN_POINT ( 'NONE',  ( -2.000000000000000000, 10.90000000000000036, 2.499999999999999556 ) ) ;
#135 = CARTESIAN_POINT ( 'NONE',  ( -2.500000000000000000, 10.40000000000000036, 3.000000000000000000 ) ) ;
#136 = CARTESIAN_POINT ( 'NONE',  ( 2.207106781186547462, 14.29289321881345209, 2.999999999999998668 ) ) ;
#137 = DIRECTION ( 'NONE',  ( 1.000000000000000000, 0.000000000000000000, -1.445602896647338917E-16 ) ) ;
#138 = ORIENTED_EDGE ( 'NONE', *, *, #467, .T. ) ;
#139 = LINE ( 'NONE', #1367, #1249 ) ;
#140 = EDGE_CURVE ( 'NONE', #1796, #1628, #225, .T. ) ;
#141 = VERTEX_POINT ( 'NONE', #1152 ) ;
#142 = ORIENTED_EDGE ( 'NONE', *, *, #1416, .T. ) ;
#143 = EDGE_CURVE ( 'NONE', #161, #1269, #593, .T. ) ;
#144 = LINE ( 'NONE', #286, #1552 ) ;
#145 = DIRECTION ( 'NONE',  ( 0.000000000000000000, 0.000000000000000000, -1.000000000000000000 ) ) ;
#146 = B_SPLINE_CURVE_WITH_KNOTS ( 'NONE', 3,
 ( #802, #812, #660, #317, #1852, #1265 ),
 .UNSPECIFIED., .F., .F.,
 ( 4, 2, 4 ),
 ( 0.0006348340796214030314, 0.001027501407426777537, 0.001420168735232151935 ),
 .UNSPECIFIED. ) ;
#147 = CIRCLE ( 'NONE', #1122, 0.5000000000000000000 ) ;
#148 = CARTESIAN_POINT ( 'NONE',  ( 2.979824877512517123, 0.4999999999999997780, -0.3473380188771850730 ) ) ;
#149 = DIRECTION ( 'NONE',  ( 1.445602896647339163E-16, -0.000000000000000000, 1.000000000000000000 ) ) ;
#150 = EDGE_LOOP ( 'NONE', ( #1177, #1761, #707 ) ) ;
#151 = ORIENTED_EDGE ( 'NONE', *, *, #1712, .F. ) ;
#152 = EDGE_CURVE ( 'NONE', #107, #1485, #1506, .T. ) ;
#153 = ORIENTED_EDGE ( 'NONE', *, *, #441, .F. ) ;
#154 = CARTESIAN_POINT ( 'NONE',  ( -0.3756097180881738384, 1.000000000000000000, -3.000000000000000000 ) ) ;
#155 = CARTESIAN_POINT ( 'NONE',  ( -2.000000000000000000, 10.90000000000000036, -2.500000000000000000 ) ) ;
#156 = STYLED_ITEM ( 'NONE', ( #956 ), #32 ) ;
#157 = CARTESIAN_POINT ( 'NONE',  ( 2.000000000000000000, 10.90000000000000213, -2.792893218813452094 ) ) ;
#158 = CARTESIAN_POINT ( 'NONE',  ( 0.000000000000000000, 5.249999999999999112, -1.750000000000000000 ) ) ;
#159 = DIRECTION ( 'NONE',  ( 1.000000000000000000, 0.000000000000000000, 0.000000000000000000 ) ) ;
#160 = CARTESIAN_POINT ( 'NONE',  ( -2.499999999999999556, 14.00000000000000000, 3.000000000000000000 ) ) ;
#161 = VERTEX_POINT ( 'NONE', #1788 ) ;
#162 = EDGE_CURVE ( 'NONE', #92, #1086, #319, .T. ) ;
#163 = CARTESIAN_POINT ( 'NONE',  ( 2.500000000000000000, 10.90000000000000036, 2.499999999999999556 ) ) ;
#164 = AXIS2_PLACEMENT_3D ( 'NONE', #163, #435, #469 ) ;
#165 = ORIENTED_EDGE ( 'NONE', *, *, #1368, .T. ) ;
#166 = LINE ( 'NONE', #492, #1572 ) ;
#167 = CARTESIAN_POINT ( 'NONE',  ( 1.736528889816788990, 6.256684714917956747, -0.2465396288369647027 ) ) ;
#168 = CARTESIAN_POINT ( 'NONE',  ( -2.500000000000000000, 4.099999999999999645, 3.614007241618347785E-16 ) ) ;
#169 = CARTESIAN_POINT ( 'NONE',  ( -2.499999999999999556, 14.00000000000000000, 3.000000000000000000 ) ) ;
#170 = EDGE_LOOP ( 'NONE', ( #526, #1174, #720 ) ) ;
#171 = DIRECTION ( 'NONE',  ( 0.000000000000000000, 0.000000000000000000, -1.000000000000000000 ) ) ;
#172 = DIRECTION ( 'NONE',  ( 0.000000000000000000, -1.000000000000000000, 0.000000000000000000 ) ) ;
#173 = EDGE_CURVE ( 'NONE', #859, #858, #1002, .T. ) ;
#174 = CARTESIAN_POINT ( 'NONE',  ( -0.3756097180881738384, 1.000000000000000000, -3.000000000000000000 ) ) ;
#175 = CIRCLE ( 'NONE', #114, 3.000000000000000444 ) ;
#176 = CIRCLE ( 'NONE', #475, 0.5000000000000000000 ) ;
#177 = ORIENTED_EDGE ( 'NONE', *, *, #1094, .F. ) ;
#178 = CARTESIAN_POINT ( 'NONE',  ( 2.979824877512515346, 1.000000000000000000, 0.3473380188771850730 ) ) ;
#179 = VERTEX_POINT ( 'NONE', #1900 ) ;
#180 = CIRCLE ( 'NONE', #1225, 0.5000000000000000000 ) ;
#181 = DIRECTION ( 'NONE',  ( -0.000000000000000000, -1.000000000000000000, -0.000000000000000000 ) ) ;
#182 = EDGE_CURVE ( 'NONE', #399, #1155, #1603, .T. ) ;
#183 = CARTESIAN_POINT ( 'NONE',  ( -2.500000000000000000, 14.50000000000000000, 3.000000000000000000 ) ) ;
#184 =( BOUNDED_CURVE ( )  B_SPLINE_CURVE ( 3, ( #62, #883, #1650, #232 ),
 .UNSPECIFIED., .F., .T. ) 
 B_SPLINE_CURVE_WITH_KNOTS ( ( 4, 4 ),
 ( 1.570796326794896558, 3.141592653589793116 ),
 .UNSPECIFIED. ) 
 CURVE ( )  GEOMETRIC_REPRESENTATION_ITEM ( )  RATIONAL_B_SPLINE_CURVE ( ( 1.000000000000000000, 0.8047378541243649375, 0.8047378541243649375, 1.000000000000000000 ) ) 
 REPRESENTATION_ITEM ( '' )  );
#185 = FACE_OUTER_BOUND ( 'NONE', #1724, .T. ) ;
#186 = ORIENTED_EDGE ( 'NONE', *, *, #1008, .F. ) ;
#187 = CARTESIAN_POINT ( 'NONE',  ( 0.3756097180881738384, 1.000000000000000000, 0.3473380188771849619 ) ) ;
#188 = VECTOR ( 'NONE', #1592, 1000.000000000000000 ) ;
#189 = VECTOR ( 'NONE', #349, 1000.000000000000000 ) ;
#190 = CARTESIAN_POINT ( 'NONE',  ( -0.3756097180881738384, 0.000000000000000000, -2.471622410417441795 ) ) ;
#191 = AXIS2_PLACEMENT_3D ( 'NONE', #1435, #1100, #940 ) ;
#192 = DIRECTION ( 'NONE',  ( 0.000000000000000000, -1.000000000000000000, 0.000000000000000000 ) ) ;
#193 = DIRECTION ( 'NONE',  ( 0.000000000000000000, 1.000000000000000000, 0.000000000000000000 ) ) ;
#194 = CYLINDRICAL_SURFACE ( 'NONE', #1885, 0.5000000000000000000 ) ;
#195 = ADVANCED_FACE ( 'NONE', ( #1759 ), #1450, .T. ) ;
#196 = VECTOR ( 'NONE', #1664, 1000.000000000000000 ) ;
#197 = VERTEX_POINT ( 'NONE', #1479 ) ;
#198 = CARTESIAN_POINT ( 'NONE',  ( -2.499999999999999556, 14.00000000000000000, 2.500000000000000000 ) ) ;
#199 = EDGE_LOOP ( 'NONE', ( #1348, #1162, #292, #704 ) ) ;
#200 = EDGE_CURVE ( 'NONE', #1534, #1807, #56, .T. ) ;
#201 = FACE_OUTER_BOUND ( 'NONE', #1483, .T. ) ;
#202 = PRODUCT_DEFINITION_CONTEXT ( 'detailed design', #1590, 'design' ) ;
#203 = VERTEX_POINT ( 'NONE', #104 ) ;
#204 = SURFACE_STYLE_FILL_AREA ( #1573 ) ;
#205 = DIRECTION ( 'NONE',  ( 0.000000000000000000, -1.000000000000000000, -0.000000000000000000 ) ) ;
#206 = AXIS2_PLACEMENT_3D ( 'NONE', #28, #217, #1704 ) ;
#207 = DIRECTION ( 'NONE',  ( 0.000000000000000000, 0.000000000000000000, 1.000000000000000000 ) ) ;
#208 = AXIS2_PLACEMENT_3D ( 'NONE', #215, #205, #824 ) ;
#209 = EDGE_LOOP ( 'NONE', ( #1165, #21, #1576, #1057 ) ) ;
#210 = DIRECTION ( 'NONE',  ( 0.000000000000000000, 0.000000000000000000, 1.000000000000000000 ) ) ;
#211 = ADVANCED_FACE ( 'NONE', ( #224 ), #1614, .F. ) ;
#212 = ORIENTED_EDGE ( 'NONE', *, *, #1428, .T. ) ;
#213 = FACE_OUTER_BOUND ( 'NONE', #762, .T. ) ;
#214 = CARTESIAN_POINT ( 'NONE',  ( 2.207106781186547462, 14.29289321881345209, -3.000000000000000000 ) ) ;
#215 = CARTESIAN_POINT ( 'NONE',  ( 2.499999999999999556, 14.00000000000000000, -2.500000000000000000 ) ) ;
#216 = ORIENTED_EDGE ( 'NONE', *, *, #1764, .T. ) ;
#217 = DIRECTION ( 'NONE',  ( 1.000000000000000000, 0.000000000000000000, 0.000000000000000000 ) ) ;
#218 = ORIENTED_EDGE ( 'NONE', *, *, #915, .T. ) ;
#219 = ORIENTED_EDGE ( 'NONE', *, *, #1341, .F. ) ;
#220 = EDGE_CURVE ( 'NONE', #1672, #1223, #740, .T. ) ;
#221 = LINE ( 'NONE', #872, #1745 ) ;
#222 = DIRECTION ( 'NONE',  ( -0.000000000000000000, -1.000000000000000000, -0.000000000000000000 ) ) ;
#223 = EDGE_CURVE ( 'NONE', #1830, #1055, #1255, .T. ) ;
#224 = FACE_OUTER_BOUND ( 'NONE', #73, .T. ) ;
#225 = B_SPLINE_CURVE_WITH_KNOTS ( 'NONE', 3,
 ( #1256, #646, #654, #1266, #662, #1893, #1777, #1944, #1172, #363, #1183, #1918, #1011, #1460, #78, #1908, #681, #248, #854, #1029, #90, #1320, #541, #68, #1752, #1929 ),
 .UNSPECIFIED., .F., .F.,
 ( 4, 2, 2, 2, 2, 2, 2, 2, 2, 2, 2, 2, 4 ),
 ( 0.005916156183981395762, 0.006285077558519439056, 0.006653998933057483217, 0.007391841682133568937, 0.008129684431209656392, 0.008498605805747700553, 0.008867527180285742980, 0.009236448554823785406, 0.009605369929361829567, 0.01034321267843791615, 0.01108105542751400448, 0.01144997680205204690, 0.01181889817659009106 ),
 .UNSPECIFIED. ) ;
#226 = DIRECTION ( 'NONE',  ( 0.000000000000000000, -1.000000000000000000, 0.000000000000000000 ) ) ;
#227 = CIRCLE ( 'NONE', #520, 3.000000000000000444 ) ;
#228 = ORIENTED_EDGE ( 'NONE', *, *, #330, .F. ) ;
#229 = B_SPLINE_CURVE_WITH_KNOTS ( 'NONE', 3,
 ( #1195, #1919, #530, #386, #1790, #1480 ),
 .UNSPECIFIED., .F., .F.,
 ( 4, 2, 4 ),
 ( 0.002678345982421346909, 0.003070863477640609854, 0.003463380972859872800 ),
 .UNSPECIFIED. ) ;
#230 = DIRECTION ( 'NONE',  ( -0.000000000000000000, 1.000000000000000000, 0.000000000000000000 ) ) ;
#231 = ORIENTED_EDGE ( 'NONE', *, *, #356, .F. ) ;
#232 = CARTESIAN_POINT ( 'NONE',  ( 2.000000000000000000, 10.90000000000000036, 2.499999999999999556 ) ) ;
#233 = ORIENTED_EDGE ( 'NONE', *, *, #1157, .F. ) ;
#234 = DIRECTION ( 'NONE',  ( 0.000000000000000000, -1.000000000000000000, 0.000000000000000000 ) ) ;
#235 = PLANE ( 'NONE',  #549 ) ;
#236 = ORIENTED_EDGE ( 'NONE', *, *, #1048, .F. ) ;
#237 = DIRECTION ( 'NONE',  ( 1.000000000000000000, -0.000000000000000000, -0.000000000000000000 ) ) ;
#238 = EDGE_CURVE ( 'NONE', #1911, #369, #1537, .T. ) ;
#239 = CARTESIAN_POINT ( 'NONE',  ( -3.000000000000000444, 14.50000000000000000, -2.500000000000000000 ) ) ;
#240 = ORIENTED_EDGE ( 'NONE', *, *, #66, .T. ) ;
#241 = FACE_OUTER_BOUND ( 'NONE', #1024, .T. ) ;
#242 = VECTOR ( 'NONE', #1531, 1000.000000000000000 ) ;
#243 = ORIENTED_EDGE ( 'NONE', *, *, #1295, .T. ) ;
#244 = VERTEX_POINT ( 'NONE', #1342 ) ;
#245 = AXIS2_PLACEMENT_3D ( 'NONE', #57, #703, #1930 ) ;
#246 = CARTESIAN_POINT ( 'NONE',  ( 0.000000000000000000, 5.249999999999999112, -1.750000000000000000 ) ) ;
#247 = DIRECTION ( 'NONE',  ( 0.000000000000000000, 0.000000000000000000, 1.000000000000000000 ) ) ;
#248 = CARTESIAN_POINT ( 'NONE',  ( -1.525528851050327317, 5.948552520069472216, -0.8852664612221325946 ) ) ;
#249 = PLANE ( 'NONE',  #735 ) ;
#250 = AXIS2_PLACEMENT_3D ( 'NONE', #2008, #18, #1415 ) ;
#251 = EDGE_CURVE ( 'NONE', #24, #537, #1443, .T. ) ;
#252 = ORIENTED_EDGE ( 'NONE', *, *, #251, .T. ) ;
#253 = DIRECTION ( 'NONE',  ( 0.000000000000000000, 0.000000000000000000, 1.000000000000000000 ) ) ;
#254 = AXIS2_PLACEMENT_3D ( 'NONE', #1679, #192, #993 ) ;
#255 = EDGE_LOOP ( 'NONE', ( #1738, #295, #685, #528, #1025 ) ) ;
#256 = ORIENTED_EDGE ( 'NONE', *, *, #1742, .F. ) ;
#257 = CARTESIAN_POINT ( 'NONE',  ( 2.143262355408378709E-16, 5.249999999999999112, 1.750000000000000000 ) ) ;
#258 = CARTESIAN_POINT ( 'NONE',  ( 2.999999999999999556, 14.50000000000000000, -2.500000000000000000 ) ) ;
#259 = DIRECTION ( 'NONE',  ( 0.000000000000000000, -1.000000000000000000, 0.000000000000000000 ) ) ;
#260 = FACE_BOUND ( 'NONE', #1538, .T. ) ;
#261 = AXIS2_PLACEMENT_3D ( 'NONE', #1613, #1018, #521 ) ;
#262 = EDGE_LOOP ( 'NONE', ( #1822, #1287, #1282, #1186 ) ) ;
#263 = CIRCLE ( 'NONE', #456, 2.500000000000000444 ) ;
#264 = CYLINDRICAL_SURFACE ( 'NONE', #1000, 0.5000000000000000000 ) ;
#265 = ORIENTED_EDGE ( 'NONE', *, *, #1789, .T. ) ;
#266 = EDGE_CURVE ( 'NONE', #1880, #1661, #1190, .T. ) ;
#267 = ORIENTED_EDGE ( 'NONE', *, *, #99, .F. ) ;
#268 = DIRECTION ( 'NONE',  ( -0.000000000000000000, -1.000000000000000000, -0.000000000000000000 ) ) ;
#269 = PLANE ( 'NONE',  #96 ) ;
#270 = CARTESIAN_POINT ( 'NONE',  ( 2.499999999999998224, 10.40000000000000036, -3.000000000000000000 ) ) ;
#271 = CARTESIAN_POINT ( 'NONE',  ( 0.9158056583825796571, 5.468852937603939424, -1.495420755395436396 ) ) ;
#272 = ORIENTED_EDGE ( 'NONE', *, *, #1522, .T. ) ;
#273 = CARTESIAN_POINT ( 'NONE',  ( -3.000000000000000444, 14.00000000000000000, -3.000000000000000000 ) ) ;
#274 = ORIENTED_EDGE ( 'NONE', *, *, #1663, .T. ) ;
#275 = ORIENTED_EDGE ( 'NONE', *, *, #1233, .F. ) ;
#276 = EDGE_CURVE ( 'NONE', #1337, #449, #180, .T. ) ;
#277 = DIRECTION ( 'NONE',  ( 0.000000000000000000, 0.000000000000000000, -1.000000000000000000 ) ) ;
#278 = DIRECTION ( 'NONE',  ( 0.000000000000000000, -0.000000000000000000, 1.000000000000000000 ) ) ;
#279 = VECTOR ( 'NONE', #847, 1000.000000000000000 ) ;
#280 = VECTOR ( 'NONE', #647, 1000.000000000000000 ) ;
#281 = CARTESIAN_POINT ( 'NONE',  ( 2.500000000000000444, 3.600000000000000089, 2.500000000000000000 ) ) ;
#282 = CARTESIAN_POINT ( 'NONE',  ( 0.000000000000000000, 1.000000000000000000, -3.000000000000000444 ) ) ;
#283 = ORIENTED_EDGE ( 'NONE', *, *, #1368, .F. ) ;
#284 = CARTESIAN_POINT ( 'NONE',  ( 2.500000000000000444, 14.00000000000000000, 2.499999999999998668 ) ) ;
#285 = VERTEX_POINT ( 'NONE', #281 ) ;
#286 = CARTESIAN_POINT ( 'NONE',  ( -2.000000000000000000, 14.50000000000000000, -3.000000000000000000 ) ) ;
#287 = CARTESIAN_POINT ( 'NONE',  ( -2.499999999999998668, 7.249999999999999112, 3.000000000000000000 ) ) ;
#288 = EDGE_CURVE ( 'NONE', #1981, #1534, #913, .T. ) ;
#289 = DIRECTION ( 'NONE',  ( 0.000000000000000000, 0.000000000000000000, -1.000000000000000000 ) ) ;
#290 = CARTESIAN_POINT ( 'NONE',  ( 1.181049318578127227, 5.633084334794603798, -1.295851385135331046 ) ) ;
#291 = EDGE_CURVE ( 'NONE', #608, #179, #333, .T. ) ;
#292 = ORIENTED_EDGE ( 'NONE', *, *, #393, .F. ) ;
#293 = CARTESIAN_POINT ( 'NONE',  ( 0.000000000000000000, 0.5000000000000000000, 0.000000000000000000 ) ) ;
#294 = AXIS2_PLACEMENT_3D ( 'NONE', #516, #1750, #1597 ) ;
#295 = ORIENTED_EDGE ( 'NONE', *, *, #1317, .F. ) ;
#296 = DIRECTION ( 'NONE',  ( -1.000000000000000000, 0.000000000000000000, 0.000000000000000000 ) ) ;
#297 = PLANE ( 'NONE',  #1335 ) ;
#298 = ORIENTED_EDGE ( 'NONE', *, *, #1764, .F. ) ;
#299 = CARTESIAN_POINT ( 'NONE',  ( 2.979824877512517567, 0.3682678441974639449, -0.3473380188771851285 ) ) ;
#300 = CARTESIAN_POINT ( 'NONE',  ( 0.000000000000000000, 14.00000000000000000, 2.500000000000000000 ) ) ;
#301 = EDGE_CURVE ( 'NONE', #334, #1436, #1920, .T. ) ;
#302 = ORIENTED_EDGE ( 'NONE', *, *, #1124, .T. ) ;
#303 = CARTESIAN_POINT ( 'NONE',  ( 2.500000000000000000, 14.00000000000000000, -3.000000000000000000 ) ) ;
#304 = CYLINDRICAL_SURFACE ( 'NONE', #1263, 1.750000000000000000 ) ;
#305 = CYLINDRICAL_SURFACE ( 'NONE', #590, 0.5000000000000000000 ) ;
#306 = ORIENTED_EDGE ( 'NONE', *, *, #1384, .F. ) ;
#307 = CIRCLE ( 'NONE', #438, 1.750000000000000000 ) ;
#308 = DIRECTION ( 'NONE',  ( 1.000000000000000000, 0.000000000000000000, 0.000000000000000000 ) ) ;
#309 = LINE ( 'NONE', #1688, #1955 ) ;
#310 = AXIS2_PLACEMENT_3D ( 'NONE', #716, #1778, #395 ) ;
#311 = DIRECTION ( 'NONE',  ( 0.000000000000000000, -0.000000000000000000, 1.000000000000000000 ) ) ;
#312 = ADVANCED_FACE ( 'NONE', ( #1069 ), #618, .T. ) ;
#313 = CIRCLE ( 'NONE', #1278, 0.5000000000000000000 ) ;
#314 = CARTESIAN_POINT ( 'NONE',  ( -2.000000000000000000, 7.249999999999999112, 2.500000000000000444 ) ) ;
#315 = CARTESIAN_POINT ( 'NONE',  ( 2.499999999999999556, 4.099999999999999645, -2.500000000000000000 ) ) ;
#316 = ORIENTED_EDGE ( 'NONE', *, *, #1584, .F. ) ;
#317 = CARTESIAN_POINT ( 'NONE',  ( 0.3756097180881738384, 0.2385654083274957593, 2.922123198681871870 ) ) ;
#318 = CARTESIAN_POINT ( 'NONE',  ( 1.397534190157677214, 5.816733904760295282, 1.058599724188182378 ) ) ;
#319 =( BOUNDED_CURVE ( )  B_SPLINE_CURVE ( 3, ( #529, #405, #214, #1634 ),
 .UNSPECIFIED., .F., .T. ) 
 B_SPLINE_CURVE_WITH_KNOTS ( ( 4, 4 ),
 ( 0.000000000000000000, 1.570796326794896558 ),
 .UNSPECIFIED. ) 
 CURVE ( )  GEOMETRIC_REPRESENTATION_ITEM ( )  RATIONAL_B_SPLINE_CURVE ( ( 1.000000000000000000, 0.8047378541243649375, 0.8047378541243649375, 1.000000000000000000 ) ) 
 REPRESENTATION_ITEM ( '' )  );
#320 =( NAMED_UNIT ( * ) PLANE_ANGLE_UNIT ( ) SI_UNIT ( $, .RADIAN. ) );
#321 = DIRECTION ( 'NONE',  ( 0.000000000000000000, 0.000000000000000000, 1.000000000000000000 ) ) ;
#322 = ORIENTED_EDGE ( 'NONE', *, *, #1722, .T. ) ;
#323 = ORIENTED_EDGE ( 'NONE', *, *, #1547, .T. ) ;
#324 = CARTESIAN_POINT ( 'NONE',  ( -0.3756097180881738384, 1.000000000000000000, -3.000000000000000000 ) ) ;
#325 = EDGE_CURVE ( 'NONE', #671, #608, #874, .T. ) ;
#326 = AXIS2_PLACEMENT_3D ( 'NONE', #1837, #458, #2001 ) ;
#327 = EDGE_LOOP ( 'NONE', ( #153, #81, #909, #620, #216 ) ) ;
#328 = B_SPLINE_CURVE_WITH_KNOTS ( 'NONE', 3,
 ( #1051, #1820, #1799, #1078, #299, #148 ),
 .UNSPECIFIED., .F., .F.,
 ( 4, 2, 4 ),
 ( 0.0005961230148169279017, 0.0009885360402926012154, 0.001380949065768274529 ),
 .UNSPECIFIED. ) ;
#330 = EDGE_CURVE ( 'NONE', #1861, #1299, #1984, .T. ) ;
#329 = PLANE ( 'NONE',  #1992 ) ;
#331 = VECTOR ( 'NONE', #470, 1000.000000000000000 ) ;
#332 = DIRECTION ( 'NONE',  ( 0.000000000000000000, 0.000000000000000000, 1.000000000000000000 ) ) ;
#333 =( BOUNDED_CURVE ( )  B_SPLINE_CURVE ( 3, ( #1520, #136, #1234, #1385 ),
 .UNSPECIFIED., .F., .F. ) 
 B_SPLINE_CURVE_WITH_KNOTS ( ( 4, 4 ),
 ( 4.712388980384689674, 6.283185307179586232 ),
 .UNSPECIFIED. ) 
 CURVE ( )  GEOMETRIC_REPRESENTATION_ITEM ( )  RATIONAL_B_SPLINE_CURVE ( ( 1.000000000000000000, 0.8047378541243649375, 0.8047378541243649375, 1.000000000000000000 ) ) 
 REPRESENTATION_ITEM ( '' )  );
#334 = VERTEX_POINT ( 'NONE', #605 ) ;
#335 = DIRECTION ( 'NONE',  ( -0.000000000000000000, 1.000000000000000000, -0.000000000000000000 ) ) ;
#336 = EDGE_CURVE ( 'NONE', #1151, #203, #328, .T. ) ;
#337 = LINE ( 'NONE', #1329, #712 ) ;
#338 = CARTESIAN_POINT ( 'NONE',  ( 0.000000000000000000, 0.000000000000000000, 0.000000000000000000 ) ) ;
#339 = PLANE ( 'NONE',  #1915 ) ;
#340 = CIRCLE ( 'NONE', #310, 0.5000000000000004441 ) ;
#341 = LINE ( 'NONE', #1110, #1262 ) ;
#342 = VECTOR ( 'NONE', #308, 1000.000000000000000 ) ;
#343 = CARTESIAN_POINT ( 'NONE',  ( -2.925519698351501940, 0.2385025676977736708, 0.3473380188771851285 ) ) ;
#344 = DIRECTION ( 'NONE',  ( 1.000000000000000000, 0.000000000000000000, -1.445602896647338917E-16 ) ) ;
#345 = EDGE_CURVE ( 'NONE', #1077, #788, #808, .T. ) ;
#346 = DIRECTION ( 'NONE',  ( 0.000000000000000000, -1.000000000000000000, 0.000000000000000000 ) ) ;
#347 = CARTESIAN_POINT ( 'NONE',  ( -2.500000000000000444, 14.50000000000000000, -3.000000000000000000 ) ) ;
#348 = EDGE_LOOP ( 'NONE', ( #256, #869, #1671, #267 ) ) ;
#349 = DIRECTION ( 'NONE',  ( -1.000000000000000000, 0.000000000000000000, 0.000000000000000000 ) ) ;
#350 = EDGE_LOOP ( 'NONE', ( #1599, #488, #505, #1657 ) ) ;
#351 = VECTOR ( 'NONE', #842, 1000.000000000000000 ) ;
#352 = AXIS2_PLACEMENT_3D ( 'NONE', #658, #1869, #1420 ) ;
#353 = CARTESIAN_POINT ( 'NONE',  ( 0.3756097180881738384, 0.000000000000000000, 2.471622410417441795 ) ) ;
#354 = CARTESIAN_POINT ( 'NONE',  ( 0.3756097180881738384, 3.600000000000000089, -2.976393344246980543 ) ) ;
#355 = FACE_OUTER_BOUND ( 'NONE', #1134, .T. ) ;
#356 = EDGE_CURVE ( 'NONE', #1155, #858, #607, .T. ) ;
#357 = LINE ( 'NONE', #952, #1720 ) ;
#358 = VERTEX_POINT ( 'NONE', #751 ) ;
#359 = CYLINDRICAL_SURFACE ( 'NONE', #352, 1.750000000000000000 ) ;
#360 = ORIENTED_EDGE ( 'NONE', *, *, #374, .T. ) ;
#361 = CARTESIAN_POINT ( 'NONE',  ( 0.000000000000000000, 7.249999999999999112, -2.000000000000000000 ) ) ;
#362 = ORIENTED_EDGE ( 'NONE', *, *, #565, .T. ) ;
#363 = CARTESIAN_POINT ( 'NONE',  ( -1.651224032493161298, 6.119251986575082292, 0.5896165520585642250 ) ) ;
#364 = FACE_OUTER_BOUND ( 'NONE', #1616, .T. ) ;
#365 = VECTOR ( 'NONE', #1999, 1000.000000000000000 ) ;
#366 = CARTESIAN_POINT ( 'NONE',  ( 2.499999999999998224, 10.40000000000000036, -3.000000000000000000 ) ) ;
#367 = EDGE_CURVE ( 'NONE', #1694, #537, #902, .T. ) ;
#368 = AXIS2_PLACEMENT_3D ( 'NONE', #728, #564, #542 ) ;
#369 = VERTEX_POINT ( 'NONE', #428 ) ;
#370 = EDGE_CURVE ( 'NONE', #203, #1697, #1314, .T. ) ;
#371 = ORIENTED_EDGE ( 'NONE', *, *, #15, .F. ) ;
#372 = AXIS2_PLACEMENT_3D ( 'NONE', #117, #1676, #1203 ) ;
#373 = FACE_OUTER_BOUND ( 'NONE', #262, .T. ) ;
#374 = EDGE_CURVE ( 'NONE', #765, #1711, #1273, .T. ) ;
#375 = DIRECTION ( 'NONE',  ( 0.000000000000000000, 0.000000000000000000, -1.000000000000000000 ) ) ;
#376 = CARTESIAN_POINT ( 'NONE',  ( 2.000000000000000000, 14.50000000000000000, -2.500000000000000000 ) ) ;
#377 = EDGE_LOOP ( 'NONE', ( #1991, #1045, #1476, #779 ) ) ;
#378 = CARTESIAN_POINT ( 'NONE',  ( -2.979824877512515346, 3.600000000000000089, 0.3473380188771850730 ) ) ;
#379 = ORIENTED_EDGE ( 'NONE', *, *, #1901, .F. ) ;
#380 = DIRECTION ( 'NONE',  ( 0.000000000000000000, 1.000000000000000000, 0.000000000000000000 ) ) ;
#381 = EDGE_CURVE ( 'NONE', #1825, #1473, #166, .T. ) ;
#382 = CARTESIAN_POINT ( 'NONE',  ( 0.000000000000000000, 8.000000000000000000, -1.750000000000000000 ) ) ;
#383 = CARTESIAN_POINT ( 'NONE',  ( 2.500000000000000000, 4.099999999999999645, -3.614007241618347785E-16 ) ) ;
#384 = AXIS2_PLACEMENT_3D ( 'NONE', #1315, #849, #1178 ) ;
#385 = CARTESIAN_POINT ( 'NONE',  ( -2.607345679507698133, -2.383550713573601154E-15, -0.3473380188771851285 ) ) ;
#386 = CARTESIAN_POINT ( 'NONE',  ( -0.3756097180881738384, 0.2382180625398147011, -2.921801549566569900 ) ) ;
#387 = ORIENTED_EDGE ( 'NONE', *, *, #935, .F. ) ;
#388 = CARTESIAN_POINT ( 'NONE',  ( 0.3756097180881738384, 1.000000000000000000, -3.000000000000000000 ) ) ;
#389 = ORIENTED_EDGE ( 'NONE', *, *, #600, .T. ) ;
#390 = EDGE_LOOP ( 'NONE', ( #1429, #1791, #977, #30 ) ) ;
#391 = LINE ( 'NONE', #860, #1651 ) ;
#392 = DIRECTION ( 'NONE',  ( 1.000000000000000000, 0.000000000000000000, 0.000000000000000000 ) ) ;
#393 = EDGE_CURVE ( 'NONE', #426, #1313, #146, .T. ) ;
#394 = CARTESIAN_POINT ( 'NONE',  ( 2.979824877512515346, 0.5000000000000000000, 0.3473380188771850730 ) ) ;
#395 = DIRECTION ( 'NONE',  ( 2.602085213965208275E-15, 1.000000000000000000, 0.000000000000000000 ) ) ;
#396 = ORIENTED_EDGE ( 'NONE', *, *, #1847, .T. ) ;
#397 = DIRECTION ( 'NONE',  ( 0.000000000000000000, 0.000000000000000000, 1.000000000000000000 ) ) ;
#398 = VECTOR ( 'NONE', #947, 1000.000000000000000 ) ;
#399 = VERTEX_POINT ( 'NONE', #971 ) ;
#400 = CARTESIAN_POINT ( 'NONE',  ( -2.979824877512515346, 1.000000000000000000, -0.3473380188771850730 ) ) ;
#401 = EDGE_LOOP ( 'NONE', ( #706, #964, #878, #2006, #265, #1252 ) ) ;
#402 = FACE_OUTER_BOUND ( 'NONE', #1120, .T. ) ;
#403 = CARTESIAN_POINT ( 'NONE',  ( 2.500000000000000000, 14.00000000000000000, 3.000000000000000000 ) ) ;
#404 = VECTOR ( 'NONE', #863, 1000.000000000000000 ) ;
#405 = CARTESIAN_POINT ( 'NONE',  ( 2.000000000000000000, 14.50000000000000178, -2.792893218813452982 ) ) ;
#406 = DIRECTION ( 'NONE',  ( 0.000000000000000000, 0.000000000000000000, -1.000000000000000000 ) ) ;
#407 = EDGE_CURVE ( 'NONE', #92, #1155, #1432, .T. ) ;
#408 = EDGE_LOOP ( 'NONE', ( #1095, #723 ) ) ;
#409 = DIRECTION ( 'NONE',  ( -0.000000000000000000, -0.000000000000000000, -1.000000000000000000 ) ) ;
#410 = MECHANICAL_DESIGN_GEOMETRIC_PRESENTATION_REPRESENTATION (  '', ( #156 ), #411 ) ;
#411 =( GEOMETRIC_REPRESENTATION_CONTEXT ( 3 ) GLOBAL_UNCERTAINTY_ASSIGNED_CONTEXT ( ( #596 ) ) GLOBAL_UNIT_ASSIGNED_CONTEXT ( ( #512, #320, #1874 ) ) REPRESENTATION_CONTEXT ( 'NONE', 'WORKASPACE' ) );
#412 = ORIENTED_EDGE ( 'NONE', *, *, #546, .F. ) ;
#413 = EDGE_CURVE ( 'NONE', #285, #1989, #702, .T. ) ;
#414 = VERTEX_POINT ( 'NONE', #1706 ) ;
#415 = LINE ( 'NONE', #1765, #1202 ) ;
#416 = CARTESIAN_POINT ( 'NONE',  ( 2.499999999999998224, 4.099999999999999645, -3.000000000000000000 ) ) ;
#417 = CARTESIAN_POINT ( 'NONE',  ( 2.207106781186547018, 10.69289321881345245, -3.000000000000000000 ) ) ;
#418 = CYLINDRICAL_SURFACE ( 'NONE', #368, 0.5000000000000000000 ) ;
#419 = ORIENTED_EDGE ( 'NONE', *, *, #1312, .F. ) ;
#420 = CIRCLE ( 'NONE', #850, 3.000000000000000444 ) ;
#421 = VECTOR ( 'NONE', #482, 1000.000000000000000 ) ;
#422 = DIRECTION ( 'NONE',  ( -0.000000000000000000, 1.000000000000000000, -0.000000000000000000 ) ) ;
#423 = ADVANCED_FACE ( 'NONE', ( #1397 ), #1734, .T. ) ;
#424 = ORIENTED_EDGE ( 'NONE', *, *, #912, .T. ) ;
#425 = VECTOR ( 'NONE', #686, 1000.000000000000000 ) ;
#426 = VERTEX_POINT ( 'NONE', #353 ) ;
#427 = FACE_OUTER_BOUND ( 'NONE', #150, .T. ) ;
#428 = CARTESIAN_POINT ( 'NONE',  ( 0.000000000000000000, 1.500000000000000000, -3.000000000000000444 ) ) ;
#429 = CARTESIAN_POINT ( 'NONE',  ( 0.000000000000000000, 14.50000000000000000, 0.000000000000000000 ) ) ;
#430 = DIRECTION ( 'NONE',  ( 0.000000000000000000, -1.000000000000000000, 0.000000000000000000 ) ) ;
#431 = CARTESIAN_POINT ( 'NONE',  ( 0.000000000000000000, 0.000000000000000000, 0.000000000000000000 ) ) ;
#432 = VERTEX_POINT ( 'NONE', #190 ) ;
#433 = ADVANCED_FACE ( 'NONE', ( #653 ), #329, .T. ) ;
#434 = ORIENTED_EDGE ( 'NONE', *, *, #1789, .F. ) ;
#435 = DIRECTION ( 'NONE',  ( 0.000000000000000000, 1.000000000000000000, 0.000000000000000000 ) ) ;
#436 = ADVANCED_FACE ( 'NONE', ( #796 ), #499, .F. ) ;
#437 = LINE ( 'NONE', #1798, #1083 ) ;
#438 = AXIS2_PLACEMENT_3D ( 'NONE', #544, #1166, #555 ) ;
#439 = AXIS2_PLACEMENT_3D ( 'NONE', #20, #346, #1261 ) ;
#441 = EDGE_CURVE ( 'NONE', #1836, #788, #1133, .T. ) ;
#440 = CARTESIAN_POINT ( 'NONE',  ( -2.500000000000000444, 4.099999999999999645, -2.500000000000000000 ) ) ;
#442 = CARTESIAN_POINT ( 'NONE',  ( 3.367778697655221505E-16, 2.000000000000000000, 2.500000000000000444 ) ) ;
#443 = ORIENTED_EDGE ( 'NONE', *, *, #806, .T. ) ;
#444 = FACE_OUTER_BOUND ( 'NONE', #6, .T. ) ;
#445 = AXIS2_PLACEMENT_3D ( 'NONE', #1061, #1363, #1665 ) ;
#446 = ORIENTED_EDGE ( 'NONE', *, *, #15, .T. ) ;
#447 = CARTESIAN_POINT ( 'NONE',  ( -3.970154332050263246, 1.000000000000000000, -0.3473380188771850730 ) ) ;
#448 = CARTESIAN_POINT ( 'NONE',  ( 0.3756097180881738939, 0.2369189994080227457, -2.920666756447382273 ) ) ;
#449 = VERTEX_POINT ( 'NONE', #627 ) ;
#450 = EDGE_CURVE ( 'NONE', #1473, #1481, #954, .T. ) ;
#451 = DIRECTION ( 'NONE',  ( 0.000000000000000000, 0.000000000000000000, 1.000000000000000000 ) ) ;
#452 = CARTESIAN_POINT ( 'NONE',  ( 1.567392238705348051, 6.005612113709012156, -0.7859743345869667497 ) ) ;
#453 = CYLINDRICAL_SURFACE ( 'NONE', #49, 0.5000000000000000000 ) ;
#454 = FACE_OUTER_BOUND ( 'NONE', #327, .T. ) ;
#455 = CIRCLE ( 'NONE', #1683, 2.500000000000000444 ) ;
#456 = AXIS2_PLACEMENT_3D ( 'NONE', #1916, #886, #539 ) ;
#457 = EDGE_LOOP ( 'NONE', ( #4, #846, #768, #1996 ) ) ;
#458 = DIRECTION ( 'NONE',  ( -0.000000000000000000, 1.000000000000000000, -0.000000000000000000 ) ) ;
#459 = DIRECTION ( 'NONE',  ( 0.000000000000000000, 0.000000000000000000, 1.000000000000000000 ) ) ;
#460 = DIRECTION ( 'NONE',  ( 0.000000000000000000, 0.000000000000000000, -1.000000000000000000 ) ) ;
#461 = ADVANCED_FACE ( 'NONE', ( #1732 ), #1253, .F. ) ;
#462 = DIRECTION ( 'NONE',  ( 0.000000000000000000, 0.000000000000000000, 1.000000000000000000 ) ) ;
#463 = CIRCLE ( 'NONE', #1586, 0.5000000000000000000 ) ;
#464 = VERTEX_POINT ( 'NONE', #1891 ) ;
#465 = FACE_OUTER_BOUND ( 'NONE', #990, .T. ) ;
#466 = ORIENTED_EDGE ( 'NONE', *, *, #1461, .T. ) ;
#467 = EDGE_CURVE ( 'NONE', #1661, #244, #1879, .T. ) ;
#468 = ORIENTED_EDGE ( 'NONE', *, *, #649, .T. ) ;
#469 = DIRECTION ( 'NONE',  ( 0.000000000000000000, 0.000000000000000000, 1.000000000000000000 ) ) ;
#470 = DIRECTION ( 'NONE',  ( -0.000000000000000000, 1.000000000000000000, -0.000000000000000000 ) ) ;
#471 = ORIENTED_EDGE ( 'NONE', *, *, #1901, .T. ) ;
#472 = AXIS2_PLACEMENT_3D ( 'NONE', #1482, #745, #1198 ) ;
#473 = DIRECTION ( 'NONE',  ( 0.000000000000000000, 0.000000000000000000, 1.000000000000000000 ) ) ;
#474 = CARTESIAN_POINT ( 'NONE',  ( 0.1253599508619752945, 5.249999999999999112, -1.750000000000000000 ) ) ;
#475 = AXIS2_PLACEMENT_3D ( 'NONE', #1424, #655, #1884 ) ;
#476 = CARTESIAN_POINT ( 'NONE',  ( -2.979824877512515346, 0.5000000000000000000, -0.3473380188771850730 ) ) ;
#477 = CARTESIAN_POINT ( 'NONE',  ( 2.000000000000000000, 10.90000000000000036, -2.500000000000000000 ) ) ;
#478 = EDGE_CURVE ( 'NONE', #1642, #1628, #980, .T. ) ;
#479 = AXIS2_PLACEMENT_3D ( 'NONE', #876, #1040, #375 ) ;
#480 = EDGE_CURVE ( 'NONE', #1485, #432, #455, .T. ) ;
#481 = ORIENTED_EDGE ( 'NONE', *, *, #652, .F. ) ;
#482 = DIRECTION ( 'NONE',  ( -1.000000000000000000, -0.000000000000000000, -0.000000000000000000 ) ) ;
#483 = CARTESIAN_POINT ( 'NONE',  ( -2.737476681659421374, 0.05273277919101997807, 0.3473380188771851285 ) ) ;
#484 = CARTESIAN_POINT ( 'NONE',  ( 1.750101598824665983, 6.281937792111073726, -0.1234189226364917069 ) ) ;
#485 = DIRECTION ( 'NONE',  ( 0.000000000000000000, 0.000000000000000000, 1.000000000000000000 ) ) ;
#486 = EDGE_CURVE ( 'NONE', #1880, #927, #337, .T. ) ;
#487 = CIRCLE ( 'NONE', #753, 3.000000000000000444 ) ;
#488 = ORIENTED_EDGE ( 'NONE', *, *, #1994, .T. ) ;
#489 = DIRECTION ( 'NONE',  ( -1.000000000000000000, 0.000000000000000000, 0.000000000000000000 ) ) ;
#490 = VECTOR ( 'NONE', #1703, 1000.000000000000000 ) ;
#491 = ORIENTED_EDGE ( 'NONE', *, *, #1295, .F. ) ;
#492 = CARTESIAN_POINT ( 'NONE',  ( 3.000000000000000444, 4.099999999999999645, 3.000000000000000000 ) ) ;
#493 = CARTESIAN_POINT ( 'NONE',  ( 3.000000000000000444, 14.00000000000000000, 3.000000000000000000 ) ) ;
#494 = DIRECTION ( 'NONE',  ( 0.000000000000000000, 0.000000000000000000, 1.000000000000000000 ) ) ;
#495 = ORIENTED_EDGE ( 'NONE', *, *, #1943, .F. ) ;
#496 = CYLINDRICAL_SURFACE ( 'NONE', #131, 0.5000000000000000000 ) ;
#497 = ORIENTED_EDGE ( 'NONE', *, *, #1943, .T. ) ;
#498 = ADVANCED_FACE ( 'NONE', ( #1161 ), #1928, .T. ) ;
#499 = PLANE ( 'NONE',  #250 ) ;
#500 = CIRCLE ( 'NONE', #1633, 0.5000000000000004441 ) ;
#501 = ADVANCED_FACE ( 'NONE', ( #1623 ), #1941, .F. ) ;
#502 = CARTESIAN_POINT ( 'NONE',  ( 2.000000000000000000, 14.50000000000000000, -2.500000000000000000 ) ) ;
#503 = CARTESIAN_POINT ( 'NONE',  ( 2.000000000000000000, 7.249999999999999112, -2.000000000000000000 ) ) ;
#504 = CARTESIAN_POINT ( 'NONE',  ( 2.999999999999999556, 4.099999999999999645, -3.000000000000000000 ) ) ;
#505 = ORIENTED_EDGE ( 'NONE', *, *, #1533, .F. ) ;
#506 = DIRECTION ( 'NONE',  ( 0.000000000000000000, 0.000000000000000000, 1.000000000000000000 ) ) ;
#507 = ORIENTED_EDGE ( 'NONE', *, *, #1700, .T. ) ;
#508 = VECTOR ( 'NONE', #1102, 1000.000000000000000 ) ;
#509 = CARTESIAN_POINT ( 'NONE',  ( 0.000000000000000000, 1.000000000000000000, 0.000000000000000000 ) ) ;
#510 = ADVANCED_FACE ( 'NONE', ( #213 ), #235, .F. ) ;
#511 = AXIS2_PLACEMENT_3D ( 'NONE', #1105, #1118, #1727 ) ;
#512 =( LENGTH_UNIT ( ) NAMED_UNIT ( * ) SI_UNIT ( .MILLI., .METRE. ) );
#513 = LINE ( 'NONE', #503, #1440 ) ;
#514 = CARTESIAN_POINT ( 'NONE',  ( -2.979824877512515346, 3.600000000000000089, -0.3473380188771850730 ) ) ;
#515 = ORIENTED_EDGE ( 'NONE', *, *, #1755, .F. ) ;
#516 = CARTESIAN_POINT ( 'NONE',  ( 0.000000000000000000, 14.00000000000000000, -2.500000000000000000 ) ) ;
#517 = AXIS2_PLACEMENT_3D ( 'NONE', #946, #1205, #1072 ) ;
#518 = ORIENTED_EDGE ( 'NONE', *, *, #381, .T. ) ;
#519 = AXIS2_PLACEMENT_3D ( 'NONE', #1010, #1306, #548 ) ;
#520 = AXIS2_PLACEMENT_3D ( 'NONE', #1535, #5, #277 ) ;
#521 = DIRECTION ( 'NONE',  ( -1.000000000000000000, 0.000000000000000000, 0.000000000000000000 ) ) ;
#522 = EDGE_CURVE ( 'NONE', #1769, #1830, #1294, .T. ) ;
#523 = CARTESIAN_POINT ( 'NONE',  ( 0.000000000000000000, 7.249999999999999112, 2.500000000000000444 ) ) ;
#524 = SPHERICAL_SURFACE ( 'NONE', #36, 0.5000000000000000000 ) ;
#525 = FACE_OUTER_BOUND ( 'NONE', #1637, .T. ) ;
#526 = ORIENTED_EDGE ( 'NONE', *, *, #1428, .F. ) ;
#527 = DIRECTION ( 'NONE',  ( 1.445602896647339163E-16, 0.000000000000000000, 1.000000000000000000 ) ) ;
#528 = ORIENTED_EDGE ( 'NONE', *, *, #1108, .T. ) ;
#529 = CARTESIAN_POINT ( 'NONE',  ( 2.000000000000000000, 14.50000000000000000, -2.500000000000000000 ) ) ;
#530 = CARTESIAN_POINT ( 'NONE',  ( -0.3756097180881738939, 0.05278611780564052697, -2.733737426739034859 ) ) ;
#531 = ORIENTED_EDGE ( 'NONE', *, *, #2007, .T. ) ;
#532 = SPHERICAL_SURFACE ( 'NONE', #661, 0.5000000000000000000 ) ;
#533 = EDGE_CURVE ( 'NONE', #244, #1475, #985, .T. ) ;
#534 = CIRCLE ( 'NONE', #439, 1.750000000000000000 ) ;
#535 = ORIENTED_EDGE ( 'NONE', *, *, #1571, .F. ) ;
#536 =( NAMED_UNIT ( * ) PLANE_ANGLE_UNIT ( ) SI_UNIT ( $, .RADIAN. ) );
#537 = VERTEX_POINT ( 'NONE', #999 ) ;
#538 = EDGE_CURVE ( 'NONE', #1223, #1672, #1744, .T. ) ;
#539 = DIRECTION ( 'NONE',  ( 0.000000000000000000, 0.000000000000000000, -1.000000000000000000 ) ) ;
#540 = DIRECTION ( 'NONE',  ( -1.000000000000000000, 0.000000000000000000, 1.445602896647338917E-16 ) ) ;
#541 = CARTESIAN_POINT ( 'NONE',  ( -0.4903699180435319716, 5.307217346372813616, -1.684359818821607568 ) ) ;
#542 = DIRECTION ( 'NONE',  ( 0.000000000000000000, 0.000000000000000000, -1.000000000000000000 ) ) ;
#543 = ORIENTED_EDGE ( 'NONE', *, *, #1056, .T. ) ;
#544 = CARTESIAN_POINT ( 'NONE',  ( 0.000000000000000000, 8.000000000000000000, 0.000000000000000000 ) ) ;
#545 = ORIENTED_EDGE ( 'NONE', *, *, #1967, .F. ) ;
#546 = EDGE_CURVE ( 'NONE', #1223, #1481, #1236, .T. ) ;
#547 = CARTESIAN_POINT ( 'NONE',  ( 2.143131898507868297E-16, 3.600000000000000089, 1.750000000000000000 ) ) ;
#548 = DIRECTION ( 'NONE',  ( 0.000000000000000000, -0.000000000000000000, -1.000000000000000000 ) ) ;
#549 = AXIS2_PLACEMENT_3D ( 'NONE', #88, #1751, #1284 ) ;
#550 = CIRCLE ( 'NONE', #25, 1.750000000000000000 ) ;
#551 = ORIENTED_EDGE ( 'NONE', *, *, #935, .T. ) ;
#552 = CARTESIAN_POINT ( 'NONE',  ( -3.000000000000000444, 14.50000000000000000, -3.000000000000000000 ) ) ;
#553 = CARTESIAN_POINT ( 'NONE',  ( -2.000000000000000000, 10.90000000000000036, -2.500000000000000000 ) ) ;
#554 = EDGE_LOOP ( 'NONE', ( #1544, #17, #362, #1566, #491, #272, #794, #1419, #714, #1713, #1414, #1292 ) ) ;
#555 = DIRECTION ( 'NONE',  ( 0.000000000000000000, 0.000000000000000000, -1.000000000000000000 ) ) ;
#556 = EDGE_LOOP ( 'NONE', ( #551, #1463 ) ) ;
#557 = PLANE ( 'NONE',  #384 ) ;
#558 = ORIENTED_EDGE ( 'NONE', *, *, #1107, .T. ) ;
#559 = DIRECTION ( 'NONE',  ( 1.000000000000000000, 0.000000000000000000, 0.000000000000000000 ) ) ;
#560 = CARTESIAN_POINT ( 'NONE',  ( -2.999999999999999556, 3.600000000000000089, 2.500000000000000000 ) ) ;
#561 = EDGE_CURVE ( 'NONE', #285, #1239, #670, .T. ) ;
#562 = ORIENTED_EDGE ( 'NONE', *, *, #615, .T. ) ;
#563 = CARTESIAN_POINT ( 'NONE',  ( 2.738150936631725152, 0.05329791289777188745, 0.3473380188771851285 ) ) ;
#564 = DIRECTION ( 'NONE',  ( 0.000000000000000000, -1.000000000000000000, 0.000000000000000000 ) ) ;
#565 = EDGE_CURVE ( 'NONE', #369, #1455, #1917, .T. ) ;
#566 = ORIENTED_EDGE ( 'NONE', *, *, #961, .T. ) ;
#567 = FACE_OUTER_BOUND ( 'NONE', #1587, .T. ) ;
#568 = CIRCLE ( 'NONE', #472, 0.5000000000000000000 ) ;
#569 = EDGE_LOOP ( 'NONE', ( #1402, #1197, #468, #744 ) ) ;
#570 = VERTEX_POINT ( 'NONE', #1171 ) ;
#571 = DIRECTION ( 'NONE',  ( 0.000000000000000000, 0.000000000000000000, -1.000000000000000000 ) ) ;
#572 = DIRECTION ( 'NONE',  ( -0.000000000000000000, -0.000000000000000000, 1.000000000000000000 ) ) ;
#573 = AXIS2_PLACEMENT_3D ( 'NONE', #943, #1528, #921 ) ;
#574 = DIRECTION ( 'NONE',  ( 0.000000000000000000, 0.000000000000000000, -1.000000000000000000 ) ) ;
#575 = EDGE_CURVE ( 'NONE', #1299, #1151, #1775, .T. ) ;
#576 = LINE ( 'NONE', #239, #804 ) ;
#577 = ORIENTED_EDGE ( 'NONE', *, *, #152, .F. ) ;
#578 = DIRECTION ( 'NONE',  ( -1.000000000000000000, 0.000000000000000000, -0.000000000000000000 ) ) ;
#579 = CIRCLE ( 'NONE', #1709, 2.500000000000000444 ) ;
#580 = ORIENTED_EDGE ( 'NONE', *, *, #1221, .T. ) ;
#581 = CARTESIAN_POINT ( 'NONE',  ( 0.3756097180881738384, 0.000000000000000000, -2.471622410417441795 ) ) ;
#582 = CARTESIAN_POINT ( 'NONE',  ( 2.000000000000000000, 10.90000000000000036, -2.500000000000000000 ) ) ;
#583 = DIRECTION ( 'NONE',  ( -1.000000000000000000, 0.000000000000000000, 0.000000000000000000 ) ) ;
#584 = EDGE_CURVE ( 'NONE', #334, #197, #817, .T. ) ;
#585 = ORIENTED_EDGE ( 'NONE', *, *, #1312, .T. ) ;
#586 = AXIS2_PLACEMENT_3D ( 'NONE', #1927, #571, #1963 ) ;
#587 = FACE_OUTER_BOUND ( 'NONE', #1338, .T. ) ;
#588 = ADVANCED_FACE ( 'NONE', ( #201 ), #711, .T. ) ;
#589 = EDGE_LOOP ( 'NONE', ( #959, #1191, #545, #63, #1210 ) ) ;
#590 = AXIS2_PLACEMENT_3D ( 'NONE', #1737, #783, #1395 ) ;
#591 = ORIENTED_EDGE ( 'NONE', *, *, #708, .T. ) ;
#592 = CARTESIAN_POINT ( 'NONE',  ( 2.500000000000000444, 4.099999999999999645, 2.499999999999998668 ) ) ;
#593 = B_SPLINE_CURVE_WITH_KNOTS ( 'NONE', 3,
 ( #394, #1296, #693, #563, #1488, #1308 ),
 .UNSPECIFIED., .F., .F.,
 ( 4, 2, 4 ),
 ( 0.001761689026325935449, 0.002154135638259085505, 0.002546582250192235778 ),
 .UNSPECIFIED. ) ;
#594 = CARTESIAN_POINT ( 'NONE',  ( -2.500000000000000444, 14.00000000000000000, -2.500000000000000000 ) ) ;
#595 = DIRECTION ( 'NONE',  ( 0.000000000000000000, 1.000000000000000000, 0.000000000000000000 ) ) ;
#596 = UNCERTAINTY_MEASURE_WITH_UNIT (LENGTH_MEASURE( 1.000000000000000082E-05 ), #512, 'distance_accuracy_value', 'NONE');
#597 = EDGE_LOOP ( 'NONE', ( #515, #39, #1887, #1990 ) ) ;
#598 = DIRECTION ( 'NONE',  ( 0.000000000000000000, 1.000000000000000000, 0.000000000000000000 ) ) ;
#599 = ORIENTED_EDGE ( 'NONE', *, *, #1157, .T. ) ;
#600 = EDGE_CURVE ( 'NONE', #1485, #1807, #873, .T. ) ;
#601 = DIRECTION ( 'NONE',  ( 1.000000000000000000, -0.000000000000000000, 0.000000000000000000 ) ) ;
#602 = DIRECTION ( 'NONE',  ( 0.000000000000000000, -1.000000000000000000, 0.000000000000000000 ) ) ;
#603 = ORIENTED_EDGE ( 'NONE', *, *, #1979, .T. ) ;
#604 = VECTOR ( 'NONE', #193, 1000.000000000000000 ) ;
#605 = CARTESIAN_POINT ( 'NONE',  ( -2.500000000000000444, 14.50000000000000000, -2.500000000000000000 ) ) ;
#606 = CARTESIAN_POINT ( 'NONE',  ( 1.516632909216810932, 5.943390048836024953, -0.8795811826885712170 ) ) ;
#607 =( BOUNDED_CURVE ( )  B_SPLINE_CURVE ( 3, ( #582, #157, #417, #270 ),
 .UNSPECIFIED., .F., .T. ) 
 B_SPLINE_CURVE_WITH_KNOTS ( ( 4, 4 ),
 ( 0.000000000000000000, 1.570796326794895670 ),
 .UNSPECIFIED. ) 
 CURVE ( )  GEOMETRIC_REPRESENTATION_ITEM ( )  RATIONAL_B_SPLINE_CURVE ( ( 1.000000000000000000, 0.8047378541243652705, 0.8047378541243652705, 1.000000000000000000 ) ) 
 REPRESENTATION_ITEM ( '' )  );
#608 = VERTEX_POINT ( 'NONE', #403 ) ;
#609 = EDGE_LOOP ( 'NONE', ( #838, #1936, #471, #562 ) ) ;
#610 = LINE ( 'NONE', #1228, #365 ) ;
#611 = AXIS2_PLACEMENT_3D ( 'NONE', #1655, #763, #460 ) ;
#612 = EDGE_LOOP ( 'NONE', ( #1639, #772, #834, #732 ) ) ;
#613 = ORIENTED_EDGE ( 'NONE', *, *, #162, .T. ) ;
#614 = ORIENTED_EDGE ( 'NONE', *, *, #480, .T. ) ;
#615 = EDGE_CURVE ( 'NONE', #414, #285, #1907, .T. ) ;
#616 = CARTESIAN_POINT ( 'NONE',  ( 0.3756097180881738384, 3.600000000000000089, 2.976393344246980543 ) ) ;
#617 = CARTESIAN_POINT ( 'NONE',  ( 0.000000000000000000, 7.249999999999999112, -2.000000000000000000 ) ) ;
#618 = CYLINDRICAL_SURFACE ( 'NONE', #611, 3.000000000000000444 ) ;
#619 = DIRECTION ( 'NONE',  ( -1.776356839400250465E-15, 0.000000000000000000, 1.000000000000000000 ) ) ;
#620 = ORIENTED_EDGE ( 'NONE', *, *, #393, .T. ) ;
#621 = TOROIDAL_SURFACE ( 'NONE', #517, 2.500000000000000444, 0.5000000000000000000 ) ;
#622 = DIRECTION ( 'NONE',  ( -1.000000000000000000, 0.000000000000000000, 0.000000000000000000 ) ) ;
#623 = CIRCLE ( 'NONE', #133, 0.5000000000000000000 ) ;
#624 = FACE_OUTER_BOUND ( 'NONE', #918, .T. ) ;
#625 = DIRECTION ( 'NONE',  ( -0.000000000000000000, -1.000000000000000000, -0.000000000000000000 ) ) ;
#626 = ORIENTED_EDGE ( 'NONE', *, *, #1136, .T. ) ;
#627 = CARTESIAN_POINT ( 'NONE',  ( -3.000000000000000444, 4.099999999999999645, -2.500000000000000000 ) ) ;
#628 = PLANE ( 'NONE',  #941 ) ;
#629 = ADVANCED_FACE ( 'NONE', ( #1150 ), #1039, .F. ) ;
#630 = DIRECTION ( 'NONE',  ( -1.000000000000000000, 0.000000000000000000, 1.445602896647338917E-16 ) ) ;
#631 = FACE_OUTER_BOUND ( 'NONE', #1835, .T. ) ;
#632 = PRODUCT_DEFINITION ( 'UNKNOWN', '', #1903, #202 ) ;
#633 = ORIENTED_EDGE ( 'NONE', *, *, #806, .F. ) ;
#634 = DIRECTION ( 'NONE',  ( 0.000000000000000000, 0.000000000000000000, -1.000000000000000000 ) ) ;
#635 = ORIENTED_EDGE ( 'NONE', *, *, #381, .F. ) ;
#636 = AXIS2_PLACEMENT_3D ( 'NONE', #1680, #1403, #3 ) ;
#637 = DIRECTION ( 'NONE',  ( 0.000000000000000000, 0.000000000000000000, -1.000000000000000000 ) ) ;
#638 = CARTESIAN_POINT ( 'NONE',  ( 1.687965138713574564, 6.176230224287525772, -0.4765375790460421035 ) ) ;
#639 = VECTOR ( 'NONE', #1041, 1000.000000000000000 ) ;
#640 = EDGE_CURVE ( 'NONE', #1626, #197, #1285, .T. ) ;
#641 = CARTESIAN_POINT ( 'NONE',  ( 0.000000000000000000, 2.000000000000000000, -2.500000000000000444 ) ) ;
#642 = DIRECTION ( 'NONE',  ( -1.000000000000000000, 0.000000000000000000, 0.000000000000000000 ) ) ;
#643 = FACE_OUTER_BOUND ( 'NONE', #1392, .T. ) ;
#644 = ORIENTED_EDGE ( 'NONE', *, *, #345, .F. ) ;
#645 = DIRECTION ( 'NONE',  ( -0.000000000000000000, -1.000000000000000000, -0.000000000000000000 ) ) ;
#646 = CARTESIAN_POINT ( 'NONE',  ( -0.1229044077775228866, 5.249999999999999112, 1.750000000000000222 ) ) ;
#647 = DIRECTION ( 'NONE',  ( 0.000000000000000000, 1.000000000000000000, 0.000000000000000000 ) ) ;
#648 = ADVANCED_FACE ( 'NONE', ( #373 ), #297, .T. ) ;
#649 = EDGE_CURVE ( 'NONE', #858, #657, #1974, .T. ) ;
#650 = ORIENTED_EDGE ( 'NONE', *, *, #1080, .F. ) ;
#651 = LINE ( 'NONE', #800, #189 ) ;
#652 = EDGE_CURVE ( 'NONE', #1697, #1861, #1033, .T. ) ;
#653 = FACE_OUTER_BOUND ( 'NONE', #1958, .T. ) ;
#654 = CARTESIAN_POINT ( 'NONE',  ( -0.2479983182057209079, 5.261761635704258921, 1.736591184076412775 ) ) ;
#655 = DIRECTION ( 'NONE',  ( 0.000000000000000000, -1.000000000000000000, 0.000000000000000000 ) ) ;
#656 = CARTESIAN_POINT ( 'NONE',  ( -0.3756097180881738384, 3.600000000000000089, 2.976393344246980543 ) ) ;
#657 = VERTEX_POINT ( 'NONE', #416 ) ;
#658 = CARTESIAN_POINT ( 'NONE',  ( 0.000000000000000000, 3.600000000000000089, 0.000000000000000000 ) ) ;
#659 = EDGE_CURVE ( 'NONE', #1374, #1970, #1201, .T. ) ;
#660 = CARTESIAN_POINT ( 'NONE',  ( 0.3756097180881738939, 0.05255312698882767808, 2.733531737021460017 ) ) ;
#661 = AXIS2_PLACEMENT_3D ( 'NONE', #705, #1156, #879 ) ;
#662 = CARTESIAN_POINT ( 'NONE',  ( -0.6003817467110998951, 5.338802905792279674, 1.647961117427133138 ) ) ;
#663 = CARTESIAN_POINT ( 'NONE',  ( 2.000000000000000000, 7.249999999999999112, 2.500000000000000444 ) ) ;
#664 = DIRECTION ( 'NONE',  ( 0.000000000000000000, 0.000000000000000000, 1.000000000000000000 ) ) ;
#665 = AXIS2_PLACEMENT_3D ( 'NONE', #1276, #813, #1288 ) ;
#666 = EDGE_LOOP ( 'NONE', ( #1779, #1784, #535, #1845, #1034 ) ) ;
#667 =( BOUNDED_CURVE ( )  B_SPLINE_CURVE ( 3, ( #553, #1760, #1173, #106 ),
 .UNSPECIFIED., .F., .F. ) 
 B_SPLINE_CURVE_WITH_KNOTS ( ( 4, 4 ),
 ( 3.141592653589793116, 4.712388980384689674 ),
 .UNSPECIFIED. ) 
 CURVE ( )  GEOMETRIC_REPRESENTATION_ITEM ( )  RATIONAL_B_SPLINE_CURVE ( ( 1.000000000000000000, 0.8047378541243649375, 0.8047378541243649375, 1.000000000000000000 ) ) 
 REPRESENTATION_ITEM ( '' )  );
#668 = FACE_OUTER_BOUND ( 'NONE', #1795, .T. ) ;
#669 = EDGE_CURVE ( 'NONE', #608, #1756, #722, .T. ) ;
#670 = LINE ( 'NONE', #560, #1325 ) ;
#671 = VERTEX_POINT ( 'NONE', #726 ) ;
#672 = LINE ( 'NONE', #493, #1959 ) ;
#673 = AXIS2_PLACEMENT_3D ( 'NONE', #2, #1366, #630 ) ;
#674 = DIRECTION ( 'NONE',  ( -1.000000000000000000, 0.000000000000000000, 0.000000000000000000 ) ) ;
#675 = DIRECTION ( 'NONE',  ( 1.000000000000000000, 0.000000000000000000, -0.000000000000000000 ) ) ;
#676 = ORIENTED_EDGE ( 'NONE', *, *, #356, .T. ) ;
#677 = CARTESIAN_POINT ( 'NONE',  ( -2.000000000000000000, 10.90000000000000036, -3.000000000000000000 ) ) ;
#678 = ORIENTED_EDGE ( 'NONE', *, *, #467, .F. ) ;
#679 = CIRCLE ( 'NONE', #326, 0.5000000000000000000 ) ;
#680 = VECTOR ( 'NONE', #380, 1000.000000000000000 ) ;
#681 = CARTESIAN_POINT ( 'NONE',  ( -1.654298067829033103, 6.123701257490605343, -0.5812973838450079533 ) ) ;
#682 = ADVANCED_FACE ( 'NONE', ( #1373, #1498 ), #1952, .F. ) ;
#683 = DIRECTION ( 'NONE',  ( 0.000000000000000000, 1.000000000000000000, 0.000000000000000000 ) ) ;
#684 = CIRCLE ( 'NONE', #1600, 0.5000000000000000000 ) ;
#685 = ORIENTED_EDGE ( 'NONE', *, *, #746, .F. ) ;
#686 = DIRECTION ( 'NONE',  ( -1.445602896647339163E-16, 0.000000000000000000, -1.000000000000000000 ) ) ;
#687 = ADVANCED_FACE ( 'NONE', ( #427 ), #1231, .F. ) ;
#688 = ORIENTED_EDGE ( 'NONE', *, *, #561, .F. ) ;
#689 = CARTESIAN_POINT ( 'NONE',  ( 2.000000000000000000, 10.90000000000000036, 2.499999999999999556 ) ) ;
#690 = VERTEX_POINT ( 'NONE', #287 ) ;
#691 = CARTESIAN_POINT ( 'NONE',  ( 0.4864398945049438483, 5.306259012713270273, 1.685463772534794957 ) ) ;
#692 = DIRECTION ( 'NONE',  ( 0.000000000000000000, 0.000000000000000000, 1.000000000000000000 ) ) ;
#693 = CARTESIAN_POINT ( 'NONE',  ( 2.925235269679203665, 0.2383227582834196168, 0.3473380188771851285 ) ) ;
#694 = CARTESIAN_POINT ( 'NONE',  ( 0.3756097180881738384, 0.4999999999974031328, 2.976393344264287144 ) ) ;
#695 = EDGE_CURVE ( 'NONE', #1756, #1721, #911, .T. ) ;
#696 = EDGE_LOOP ( 'NONE', ( #1356, #302, #1396 ) ) ;
#697 = DIRECTION ( 'NONE',  ( -7.105427357601001859E-15, 0.000000000000000000, -1.000000000000000000 ) ) ;
#698 = ORIENTED_EDGE ( 'NONE', *, *, #538, .T. ) ;
#699 = ORIENTED_EDGE ( 'NONE', *, *, #1465, .F. ) ;
#700 = CARTESIAN_POINT ( 'NONE',  ( 2.500000000000000444, 14.00000000000000000, 2.500000000000000000 ) ) ;
#701 = CARTESIAN_POINT ( 'NONE',  ( 2.500000000000000444, 3.600000000000000089, 3.000000000000000000 ) ) ;
#702 = CIRCLE ( 'NONE', #1826, 0.5000000000000000000 ) ;
#703 = DIRECTION ( 'NONE',  ( 0.000000000000000000, -1.000000000000000000, 0.000000000000000000 ) ) ;
#704 = ORIENTED_EDGE ( 'NONE', *, *, #1461, .F. ) ;
#705 = CARTESIAN_POINT ( 'NONE',  ( -2.500000000000000444, 14.00000000000000000, -2.500000000000000000 ) ) ;
#706 = ORIENTED_EDGE ( 'NONE', *, *, #1381, .F. ) ;
#707 = ORIENTED_EDGE ( 'NONE', *, *, #486, .F. ) ;
#708 = EDGE_CURVE ( 'NONE', #1807, #432, #1517, .T. ) ;
#709 = ORIENTED_EDGE ( 'NONE', *, *, #669, .T. ) ;
#710 = CARTESIAN_POINT ( 'NONE',  ( 0.9230324970267733686, 5.460829099169425938, 1.505345371652728081 ) ) ;
#711 = CYLINDRICAL_SURFACE ( 'NONE', #2002, 0.5000000000000000000 ) ;
#712 = VECTOR ( 'NONE', #1601, 1000.000000000000000 ) ;
#713 = TOROIDAL_SURFACE ( 'NONE', #1113, 2.500000000000000444, 0.5000000000000000000 ) ;
#714 = ORIENTED_EDGE ( 'NONE', *, *, #961, .F. ) ;
#715 = CARTESIAN_POINT ( 'NONE',  ( -0.3756097180881738384, 1.000000000000000000, -0.3473380188771849619 ) ) ;
#716 = CARTESIAN_POINT ( 'NONE',  ( 2.499999999999998224, 14.00000000000000000, -2.500000000000000000 ) ) ;
#717 = AXIS2_PLACEMENT_3D ( 'NONE', #1212, #1819, #459 ) ;
#718 = ORIENTED_EDGE ( 'NONE', *, *, #301, .T. ) ;
#719 = CARTESIAN_POINT ( 'NONE',  ( 2.499999999999999556, 4.099999999999999645, -2.500000000000000000 ) ) ;
#720 = ORIENTED_EDGE ( 'NONE', *, *, #1221, .F. ) ;
#721 = LINE ( 'NONE', #1037, #1168 ) ;
#722 = CIRCLE ( 'NONE', #995, 0.5000000000000000000 ) ;
#723 = ORIENTED_EDGE ( 'NONE', *, *, #1561, .T. ) ;
#724 = EDGE_CURVE ( 'NONE', #1989, #1473, #463, .T. ) ;
#725 = CARTESIAN_POINT ( 'NONE',  ( 0.000000000000000000, 3.600000000000000089, 0.000000000000000000 ) ) ;
#726 = CARTESIAN_POINT ( 'NONE',  ( 3.000000000000000444, 14.00000000000000000, 2.499999999999998668 ) ) ;
#727 = DIRECTION ( 'NONE',  ( -1.445602896647339163E-16, 0.000000000000000000, -1.000000000000000000 ) ) ;
#728 = CARTESIAN_POINT ( 'NONE',  ( -2.500000000000000444, 14.50000000000000000, -2.500000000000000000 ) ) ;
#729 = VERTEX_POINT ( 'NONE', #1222 ) ;
#730 = CARTESIAN_POINT ( 'NONE',  ( 0.000000000000000000, 14.00000000000000000, 2.500000000000000000 ) ) ;
#731 = VECTOR ( 'NONE', #1647, 1000.000000000000000 ) ;
#732 = ORIENTED_EDGE ( 'NONE', *, *, #1298, .F. ) ;
#733 = EDGE_LOOP ( 'NONE', ( #1606, #1142, #916 ) ) ;
#734 = LINE ( 'NONE', #1783, #1617 ) ;
#735 = AXIS2_PLACEMENT_3D ( 'NONE', #69, #1012, #1656 ) ;
#736 = ORIENTED_EDGE ( 'NONE', *, *, #1016, .T. ) ;
#737 = DIRECTION ( 'NONE',  ( 1.000000000000000000, 0.000000000000000000, -0.000000000000000000 ) ) ;
#738 = DIRECTION ( 'NONE',  ( 0.000000000000000000, -0.000000000000000000, 1.000000000000000000 ) ) ;
#739 = EDGE_CURVE ( 'NONE', #1066, #358, #1076, .T. ) ;
#740 = CIRCLE ( 'NONE', #945, 2.000000000000000000 ) ;
#741 = DIRECTION ( 'NONE',  ( 0.000000000000000000, 1.000000000000000000, 0.000000000000000000 ) ) ;
#742 = DIRECTION ( 'NONE',  ( -0.000000000000000000, -1.000000000000000000, -0.000000000000000000 ) ) ;
#743 = ADVANCED_FACE ( 'NONE', ( #102 ), #269, .F. ) ;
#744 = ORIENTED_EDGE ( 'NONE', *, *, #815, .T. ) ;
#745 = DIRECTION ( 'NONE',  ( 1.000000000000000000, 0.000000000000000000, -1.224646799147353207E-16 ) ) ;
#746 = EDGE_CURVE ( 'NONE', #197, #1436, #991, .T. ) ;
#747 = ORIENTED_EDGE ( 'NONE', *, *, #739, .F. ) ;
#748 = ORIENTED_EDGE ( 'NONE', *, *, #99, .T. ) ;
#749 = CARTESIAN_POINT ( 'NONE',  ( 2.499999999999999556, 14.50000000000000000, -2.500000000000000000 ) ) ;
#750 = CARTESIAN_POINT ( 'NONE',  ( -0.3756097180881738384, 0.000000000000000000, -3.000000000000000000 ) ) ;
#751 = CARTESIAN_POINT ( 'NONE',  ( -2.979824877512515346, 1.000000000000000000, 0.3473380188771850730 ) ) ;
#752 = CYLINDRICAL_SURFACE ( 'NONE', #908, 0.5000000000000000000 ) ;
#753 = AXIS2_PLACEMENT_3D ( 'NONE', #1007, #1303, #1913 ) ;
#754 = EDGE_CURVE ( 'NONE', #898, #1672, #437, .T. ) ;
#755 = VERTEX_POINT ( 'NONE', #1352 ) ;
#756 = AXIS2_PLACEMENT_3D ( 'NONE', #1739, #998, #1115 ) ;
#757 = DIRECTION ( 'NONE',  ( 0.000000000000000000, 0.000000000000000000, 1.000000000000000000 ) ) ;
#758 = ORIENTED_EDGE ( 'NONE', *, *, #659, .F. ) ;
#759 = ADVANCED_FACE ( 'NONE', ( #887 ), #1842, .T. ) ;
#760 = DIRECTION ( 'NONE',  ( -0.000000000000000000, -1.000000000000000000, -0.000000000000000000 ) ) ;
#761 = DIRECTION ( 'NONE',  ( 0.000000000000000000, -0.000000000000000000, 1.000000000000000000 ) ) ;
#762 = EDGE_LOOP ( 'NONE', ( #1098, #1621, #396, #1558 ) ) ;
#763 = DIRECTION ( 'NONE',  ( -0.000000000000000000, -1.000000000000000000, -0.000000000000000000 ) ) ;
#764 = CARTESIAN_POINT ( 'NONE',  ( 1.331089903089128335, 5.754174665545925826, -1.141187090342854482 ) ) ;
#765 = VERTEX_POINT ( 'NONE', #135 ) ;
#766 = CARTESIAN_POINT ( 'NONE',  ( 3.673940397442060361E-16, 1.000000000000000000, 3.000000000000000444 ) ) ;
#767 = ADVANCED_FACE ( 'NONE', ( #1138 ), #1693, .T. ) ;
#768 = ORIENTED_EDGE ( 'NONE', *, *, #367, .T. ) ;
#769 = CIRCLE ( 'NONE', #1411, 2.000000000000000000 ) ;
#770 = CYLINDRICAL_SURFACE ( 'NONE', #164, 0.5000000000000000000 ) ;
#771 = CARTESIAN_POINT ( 'NONE',  ( -3.970154332050263246, 1.000000000000000000, 0.3473380188771850730 ) ) ;
#772 = ORIENTED_EDGE ( 'NONE', *, *, #754, .T. ) ;
#773 = DIRECTION ( 'NONE',  ( -0.000000000000000000, 1.000000000000000000, -0.000000000000000000 ) ) ;
#774 = CARTESIAN_POINT ( 'NONE',  ( 2.979824877512515346, 1.000000000000000000, -0.3473380188771850730 ) ) ;
#775 = CARTESIAN_POINT ( 'NONE',  ( -2.499999999999999556, 14.50000000000000000, 2.500000000000000000 ) ) ;
#776 = CARTESIAN_POINT ( 'NONE',  ( -2.000000000000000000, 14.50000000000000178, 2.792893218813452982 ) ) ;
#777 = AXIS2_PLACEMENT_3D ( 'NONE', #1194, #1213, #1975 ) ;
#778 = VERTEX_POINT ( 'NONE', #155 ) ;
#779 = ORIENTED_EDGE ( 'NONE', *, *, #1496, .F. ) ;
#780 = CIRCLE ( 'NONE', #950, 0.5000000000000000000 ) ;
#781 = CARTESIAN_POINT ( 'NONE',  ( 2.500000000000000444, 14.50000000000000000, 2.500000000000000000 ) ) ;
#782 = ADVANCED_FACE ( 'NONE', ( #525 ), #1895, .F. ) ;
#783 = DIRECTION ( 'NONE',  ( 0.000000000000000000, -1.000000000000000000, 0.000000000000000000 ) ) ;
#784 = ORIENTED_EDGE ( 'NONE', *, *, #200, .T. ) ;
#786 = EDGE_CURVE ( 'NONE', #657, #414, #1935, .T. ) ;
#785 = CARTESIAN_POINT ( 'NONE',  ( -2.000000000000000000, 10.90000000000000036, 2.792893218813452982 ) ) ;
#787 = CARTESIAN_POINT ( 'NONE',  ( 0.000000000000000000, 8.000000000000000000, 0.000000000000000000 ) ) ;
#788 = VERTEX_POINT ( 'NONE', #48 ) ;
#789 = SPHERICAL_SURFACE ( 'NONE', #1532, 0.5000000000000000000 ) ;
#790 = CIRCLE ( 'NONE', #1519, 0.5000000000000000000 ) ;
#791 = AXIS2_PLACEMENT_3D ( 'NONE', #198, #1143, #829 ) ;
#792 = ORIENTED_EDGE ( 'NONE', *, *, #450, .T. ) ;
#793 = DIRECTION ( 'NONE',  ( 1.000000000000000000, 0.000000000000000000, 0.000000000000000000 ) ) ;
#794 = ORIENTED_EDGE ( 'NONE', *, *, #897, .F. ) ;
#795 = ADVANCED_FACE ( 'NONE', ( #1747 ), #305, .T. ) ;
#796 = FACE_OUTER_BOUND ( 'NONE', #884, .T. ) ;
#797 = CARTESIAN_POINT ( 'NONE',  ( 1.749897228909214064, 6.281568416042055070, 0.1262835101240835922 ) ) ;
#798 = DIRECTION ( 'NONE',  ( 0.000000000000000000, 1.000000000000000000, -0.000000000000000000 ) ) ;
#799 = CARTESIAN_POINT ( 'NONE',  ( -2.207106781186547462, 14.29289321881345209, 3.000000000000000000 ) ) ;
#800 = CARTESIAN_POINT ( 'NONE',  ( 0.000000000000000000, 10.90000000000000036, -2.500000000000000000 ) ) ;
#801 = VECTOR ( 'NONE', #1014, 1000.000000000000000 ) ;
#802 = CARTESIAN_POINT ( 'NONE',  ( 0.3756097180881738384, 0.000000000000000000, 2.471622410417441795 ) ) ;
#803 = EDGE_CURVE ( 'NONE', #1911, #1077, #2003, .T. ) ;
#804 = VECTOR ( 'NONE', #1945, 1000.000000000000000 ) ;
#805 = DIRECTION ( 'NONE',  ( 0.000000000000000000, 0.000000000000000000, 1.000000000000000000 ) ) ;
#806 = EDGE_CURVE ( 'NONE', #1989, #1374, #1241, .T. ) ;
#807 = FACE_OUTER_BOUND ( 'NONE', #1649, .T. ) ;
#808 = CIRCLE ( 'NONE', #80, 3.000000000000000444 ) ;
#809 = ORIENTED_EDGE ( 'NONE', *, *, #480, .F. ) ;
#810 = DIRECTION ( 'NONE',  ( 0.000000000000000000, 0.000000000000000000, 1.000000000000000000 ) ) ;
#811 = ORIENTED_EDGE ( 'NONE', *, *, #565, .F. ) ;
#812 = CARTESIAN_POINT ( 'NONE',  ( 0.3756097180881736719, -8.111187502907176891E-15, 2.602980156823826441 ) ) ;
#813 = DIRECTION ( 'NONE',  ( -1.000000000000000000, -0.000000000000000000, -0.000000000000000000 ) ) ;
#814 = DIRECTION ( 'NONE',  ( 1.000000000000000000, 0.000000000000000000, -0.000000000000000000 ) ) ;
#815 = EDGE_CURVE ( 'NONE', #657, #1337, #357, .T. ) ;
#816 = DIRECTION ( 'NONE',  ( -1.000000000000000000, 0.000000000000000000, -0.000000000000000000 ) ) ;
#817 = CIRCLE ( 'NONE', #1399, 0.5000000000000000000 ) ;
#818 =( GEOMETRIC_REPRESENTATION_CONTEXT ( 3 ) GLOBAL_UNCERTAINTY_ASSIGNED_CONTEXT ( ( #1246 ) ) GLOBAL_UNIT_ASSIGNED_CONTEXT ( ( #98, #536, #1763 ) ) REPRESENTATION_CONTEXT ( 'NONE', 'WORKASPACE' ) );
#819 = ORIENTED_EDGE ( 'NONE', *, *, #413, .F. ) ;
#820 = CARTESIAN_POINT ( 'NONE',  ( 0.000000000000000000, 4.099999999999999645, -2.500000000000000000 ) ) ;
#821 = ORIENTED_EDGE ( 'NONE', *, *, #223, .T. ) ;
#822 = AXIS2_PLACEMENT_3D ( 'NONE', #1536, #1300, #1268 ) ;
#823 = FILL_AREA_STYLE_COLOUR ( '', #1283 ) ;
#824 = DIRECTION ( 'NONE',  ( 0.000000000000000000, 0.000000000000000000, 1.000000000000000000 ) ) ;
#825 = AXIS2_PLACEMENT_3D ( 'NONE', #1509, #125, #278 ) ;
#826 = CARTESIAN_POINT ( 'NONE',  ( 2.500000000000000000, 14.50000000000000000, -2.500000000000000000 ) ) ;
#827 = EDGE_CURVE ( 'NONE', #570, #1475, #1912, .T. ) ;
#828 = ORIENTED_EDGE ( 'NONE', *, *, #336, .F. ) ;
#829 = DIRECTION ( 'NONE',  ( 0.000000000000000000, 0.000000000000000000, 1.000000000000000000 ) ) ;
#830 = ORIENTED_EDGE ( 'NONE', *, *, #786, .F. ) ;
#831 = DIRECTION ( 'NONE',  ( 1.000000000000000000, 0.000000000000000000, 0.000000000000000000 ) ) ;
#832 = ADVANCED_FACE ( 'NONE', ( #1548 ), #837, .F. ) ;
#833 = AXIS2_PLACEMENT_3D ( 'NONE', #934, #1978, #1988 ) ;
#834 = ORIENTED_EDGE ( 'NONE', *, *, #220, .T. ) ;
#835 = DIRECTION ( 'NONE',  ( -1.000000000000000000, 0.000000000000000000, 0.000000000000000000 ) ) ;
#836 = AXIS2_PLACEMENT_3D ( 'NONE', #300, #583, #1062 ) ;
#837 = PLANE ( 'NONE',  #1206 ) ;
#838 = ORIENTED_EDGE ( 'NONE', *, *, #561, .T. ) ;
#839 = LINE ( 'NONE', #689, #680 ) ;
#840 = ORIENTED_EDGE ( 'NONE', *, *, #45, .T. ) ;
#841 = EDGE_CURVE ( 'NONE', #1239, #755, #1129, .T. ) ;
#842 = DIRECTION ( 'NONE',  ( 1.000000000000000000, 0.000000000000000000, 0.000000000000000000 ) ) ;
#843 = ORIENTED_EDGE ( 'NONE', *, *, #1048, .T. ) ;
#844 = CARTESIAN_POINT ( 'NONE',  ( -2.924274712820765565, 0.2371260858322300213, -0.3473380188771851285 ) ) ;
#845 = LINE ( 'NONE', #1451, #1858 ) ;
#846 = ORIENTED_EDGE ( 'NONE', *, *, #1465, .T. ) ;
#847 = DIRECTION ( 'NONE',  ( -0.000000000000000000, -1.000000000000000000, -0.000000000000000000 ) ) ;
#848 = ORIENTED_EDGE ( 'NONE', *, *, #370, .F. ) ;
#849 = DIRECTION ( 'NONE',  ( 1.000000000000000000, 0.000000000000000000, -0.000000000000000000 ) ) ;
#850 = AXIS2_PLACEMENT_3D ( 'NONE', #1976, #595, #462 ) ;
#851 = DIRECTION ( 'NONE',  ( 0.000000000000000000, 0.000000000000000000, -1.000000000000000000 ) ) ;
#852 = DIRECTION ( 'NONE',  ( -0.000000000000000000, 1.000000000000000000, -0.000000000000000000 ) ) ;
#853 = EDGE_CURVE ( 'NONE', #1337, #859, #1904, .T. ) ;
#854 = CARTESIAN_POINT ( 'NONE',  ( -1.408450975197879762, 5.816874101138727937, -1.061018689040040153 ) ) ;
#855 = DIRECTION ( 'NONE',  ( 0.000000000000000000, 0.000000000000000000, -1.000000000000000000 ) ) ;
#856 = VERTEX_POINT ( 'NONE', #1427 ) ;
#857 = DIRECTION ( 'NONE',  ( 0.000000000000000000, 0.000000000000000000, 1.000000000000000000 ) ) ;
#858 = VERTEX_POINT ( 'NONE', #366 ) ;
#859 = VERTEX_POINT ( 'NONE', #1005 ) ;
#860 = CARTESIAN_POINT ( 'NONE',  ( 3.000000000000000444, 14.50000000000000000, 2.499999999999998668 ) ) ;
#861 = DIRECTION ( 'NONE',  ( 0.000000000000000000, 1.000000000000000000, 0.000000000000000000 ) ) ;
#862 = ORIENTED_EDGE ( 'NONE', *, *, #1286, .F. ) ;
#863 = DIRECTION ( 'NONE',  ( -0.000000000000000000, -0.000000000000000000, -1.000000000000000000 ) ) ;
#864 = DIRECTION ( 'NONE',  ( 0.000000000000000000, -1.000000000000000000, 0.000000000000000000 ) ) ;
#865 = ADVANCED_FACE ( 'NONE', ( #185 ), #1607, .T. ) ;
#866 = ORIENTED_EDGE ( 'NONE', *, *, #413, .T. ) ;
#867 = CARTESIAN_POINT ( 'NONE',  ( 0.000000000000000000, 10.40000000000000036, 2.500000000000000000 ) ) ;
#868 = AXIS2_PLACEMENT_3D ( 'NONE', #1418, #1865, #485 ) ;
#869 = ORIENTED_EDGE ( 'NONE', *, *, #695, .F. ) ;
#870 = FACE_OUTER_BOUND ( 'NONE', #1841, .T. ) ;
#871 = ORIENTED_EDGE ( 'NONE', *, *, #1882, .T. ) ;
#872 = CARTESIAN_POINT ( 'NONE',  ( -3.970154332050263246, 0.000000000000000000, 0.3473380188771850730 ) ) ;
#873 = LINE ( 'NONE', #1758, #1139 ) ;
#874 = CIRCLE ( 'NONE', #777, 0.5000000000000000000 ) ;
#875 =( BOUNDED_CURVE ( )  B_SPLINE_CURVE ( 3, ( #160, #799, #776, #1389 ),
 .UNSPECIFIED., .F., .T. ) 
 B_SPLINE_CURVE_WITH_KNOTS ( ( 4, 4 ),
 ( 4.712388980384689674, 6.283185307179586232 ),
 .UNSPECIFIED. ) 
 CURVE ( )  GEOMETRIC_REPRESENTATION_ITEM ( )  RATIONAL_B_SPLINE_CURVE ( ( 1.000000000000000000, 0.8047378541243649375, 0.8047378541243649375, 1.000000000000000000 ) ) 
 REPRESENTATION_ITEM ( '' )  );
#876 = CARTESIAN_POINT ( 'NONE',  ( -2.499999999999999556, 4.099999999999999645, 2.500000000000000000 ) ) ;
#877 = CARTESIAN_POINT ( 'NONE',  ( -0.3756097180881738384, 0.5000000000000252021, 2.976393344247200368 ) ) ;
#878 = ORIENTED_EDGE ( 'NONE', *, *, #223, .F. ) ;
#879 = DIRECTION ( 'NONE',  ( -1.000000000000000000, 0.000000000000000000, 0.000000000000000000 ) ) ;
#880 = ADVANCED_FACE ( 'NONE', ( #984 ), #194, .T. ) ;
#881 = ORIENTED_EDGE ( 'NONE', *, *, #1016, .F. ) ;
#882 = PRODUCT ( 'Part1', 'Part1', '', ( #110 ) ) ;
#883 = CARTESIAN_POINT ( 'NONE',  ( 2.207106781186547462, 10.69289321881345245, 2.999999999999998668 ) ) ;
#884 = EDGE_LOOP ( 'NONE', ( #1702, #389, #1421, #1817, #1053 ) ) ;
#885 = CLOSED_SHELL ( 'NONE', ( #1801, #423, #1602, #682, #1596, #767, #54, #1196, #1019, #1042, #1925, #832, #687, #1116, #461, #1611, #211, #972, #1084, #1484, #648, #1169, #1954, #510, #1354, #29, #1827, #743, #312, #629, #1302, #8, #1408, #1472, #1816, #1624, #795, #1939, #988, #1749, #588, #965, #880, #1687, #1159, #1910, #1866, #975, #1512, #127, #498, #83, #1447, #195, #1324, #865, #1438, #11, #938, #1147, #22, #759, #1725, #1030, #433, #782, #922, #436, #1660, #1510, #501 ) ) ;
#886 = DIRECTION ( 'NONE',  ( -0.000000000000000000, 1.000000000000000000, -0.000000000000000000 ) ) ;
#887 = FACE_OUTER_BOUND ( 'NONE', #1556, .T. ) ;
#888 = AXIS2_PLACEMENT_3D ( 'NONE', #53, #1468, #1459 ) ;
#889 = CIRCLE ( 'NONE', #586, 2.500000000000000000 ) ;
#890 = VECTOR ( 'NONE', #31, 1000.000000000000000 ) ;
#891 = DIRECTION ( 'NONE',  ( 1.000000000000000000, 0.000000000000000000, -1.445602896647339163E-16 ) ) ;
#892 = LINE ( 'NONE', #1052, #75 ) ;
#893 = ORIENTED_EDGE ( 'NONE', *, *, #649, .F. ) ;
#894 = FACE_OUTER_BOUND ( 'NONE', #1815, .T. ) ;
#895 = ORIENTED_EDGE ( 'NONE', *, *, #407, .F. ) ;
#896 = DIRECTION ( 'NONE',  ( 0.000000000000000000, 0.000000000000000000, 1.000000000000000000 ) ) ;
#897 = EDGE_CURVE ( 'NONE', #1981, #107, #1279, .T. ) ;
#898 = VERTEX_POINT ( 'NONE', #1453 ) ;
#899 = DIRECTION ( 'NONE',  ( 0.000000000000000000, 0.000000000000000000, -1.000000000000000000 ) ) ;
#900 = DIRECTION ( 'NONE',  ( -0.000000000000000000, -0.000000000000000000, 1.000000000000000000 ) ) ;
#901 = B_SPLINE_CURVE_WITH_KNOTS ( 'NONE', 3,
 ( #158, #474, #1398, #2009, #1071, #1985, #271, #1677, #290, #764, #1376, #606, #452, #1226, #638, #167, #484, #797, #1863, #9, #1254, #1407, #1707, #318, #955, #1551, #710, #101, #691, #1170, #1305, #257 ),
 .UNSPECIFIED., .F., .F.,
 ( 4, 2, 2, 2, 2, 2, 2, 2, 2, 2, 2, 2, 2, 2, 2, 4 ),
 ( 0.000000000000000000, 0.0003697597614988373978, 0.0007395195229976747955, 0.001109279284496512193, 0.001479039045995349591, 0.001848798807494186772, 0.002218558568993023953, 0.002588318330491860917, 0.002958078091990697881, 0.003327837853489535279, 0.003697597614988372243, 0.004067357376487210074, 0.004437117137986047906, 0.005176636660983720967, 0.005546396422482558798, 0.005916156183981395762 ),
 .UNSPECIFIED. ) ;
#902 = LINE ( 'NONE', #1499, #1070 ) ;
#903 = FACE_OUTER_BOUND ( 'NONE', #1946, .T. ) ;
#904 = ORIENTED_EDGE ( 'NONE', *, *, #1561, .F. ) ;
#905 = DIRECTION ( 'NONE',  ( 0.000000000000000000, 0.000000000000000000, -1.000000000000000000 ) ) ;
#906 = AXIS2_PLACEMENT_3D ( 'NONE', #1960, #397, #1336 ) ;
#907 = EDGE_LOOP ( 'NONE', ( #1619, #1938 ) ) ;
#908 = AXIS2_PLACEMENT_3D ( 'NONE', #1214, #1079, #1812 ) ;
#909 = ORIENTED_EDGE ( 'NONE', *, *, #1341, .T. ) ;
#910 = DIRECTION ( 'NONE',  ( 0.000000000000000000, 0.000000000000000000, -1.000000000000000000 ) ) ;
#911 = LINE ( 'NONE', #1059, #1089 ) ;
#912 = EDGE_CURVE ( 'NONE', #1269, #1523, #60, .T. ) ;
#913 = LINE ( 'NONE', #1353, #342 ) ;
#914 = CARTESIAN_POINT ( 'NONE',  ( 0.000000000000000000, 0.000000000000000000, 0.000000000000000000 ) ) ;
#915 = EDGE_CURVE ( 'NONE', #1530, #1911, #568, .T. ) ;
#916 = ORIENTED_EDGE ( 'NONE', *, *, #276, .F. ) ;
#917 = DIRECTION ( 'NONE',  ( 0.000000000000000000, 0.000000000000000000, -1.000000000000000000 ) ) ;
#918 = EDGE_LOOP ( 'NONE', ( #1933, #495, #1074, #1452 ) ) ;
#919 = CARTESIAN_POINT ( 'NONE',  ( 2.499999999999999556, 14.00000000000000000, -2.500000000000000000 ) ) ;
#920 = CARTESIAN_POINT ( 'NONE',  ( 0.3756097180881736719, 0.3688766420789169609, -2.976393344246913930 ) ) ;
#921 = DIRECTION ( 'NONE',  ( 0.000000000000000000, 0.000000000000000000, 1.000000000000000000 ) ) ;
#922 = ADVANCED_FACE ( 'NONE', ( #121 ), #1638, .F. ) ;
#923 = CARTESIAN_POINT ( 'NONE',  ( -2.475753683354318113, 0.000000000000000000, -0.3473380188771850730 ) ) ;
#924 = AXIS2_PLACEMENT_3D ( 'NONE', #820, #1430, #506 ) ;
#925 = EDGE_LOOP ( 'NONE', ( #1391, #1229, #186, #840, #1986 ) ) ;
#926 = CARTESIAN_POINT ( 'NONE',  ( -2.500000000000000444, 4.099999999999999645, -2.500000000000000000 ) ) ;
#927 = VERTEX_POINT ( 'NONE', #1357 ) ;
#928 = DIRECTION ( 'NONE',  ( 0.000000000000000000, 0.000000000000000000, -1.000000000000000000 ) ) ;
#929 = CARTESIAN_POINT ( 'NONE',  ( 0.3756097180881738939, -6.425591937871122372E-15, -2.602944181426034564 ) ) ;
#930 = ORIENTED_EDGE ( 'NONE', *, *, #1890, .T. ) ;
#931 = CARTESIAN_POINT ( 'NONE',  ( 0.000000000000000000, 1.000000000000000000, 0.000000000000000000 ) ) ;
#932 = DIRECTION ( 'NONE',  ( 0.000000000000000000, 0.000000000000000000, -1.000000000000000000 ) ) ;
#933 = ORIENTED_EDGE ( 'NONE', *, *, #1393, .T. ) ;
#934 = CARTESIAN_POINT ( 'NONE',  ( 2.999999999999999556, 14.50000000000000000, -3.000000000000000000 ) ) ;
#935 = EDGE_CURVE ( 'NONE', #33, #898, #769, .T. ) ;
#936 = EDGE_LOOP ( 'NONE', ( #580, #758, #419, #893, #1466 ) ) ;
#937 = VECTOR ( 'NONE', #1594, 1000.000000000000000 ) ;
#938 = ADVANCED_FACE ( 'NONE', ( #894 ), #532, .T. ) ;
#939 = CARTESIAN_POINT ( 'NONE',  ( 0.000000000000000000, 8.000000000000000000, 0.000000000000000000 ) ) ;
#940 = DIRECTION ( 'NONE',  ( -1.000000000000000000, 0.000000000000000000, 0.000000000000000000 ) ) ;
#941 = AXIS2_PLACEMENT_3D ( 'NONE', #429, #1500, #1696 ) ;
#942 = ORIENTED_EDGE ( 'NONE', *, *, #724, .T. ) ;
#943 = CARTESIAN_POINT ( 'NONE',  ( 0.000000000000000000, 0.000000000000000000, 0.000000000000000000 ) ) ;
#944 = CYLINDRICAL_SURFACE ( 'NONE', #1471, 0.5000000000000000000 ) ;
#945 = AXIS2_PLACEMENT_3D ( 'NONE', #523, #1145, #1092 ) ;
#946 = CARTESIAN_POINT ( 'NONE',  ( 0.000000000000000000, 0.5000000000000000000, 0.000000000000000000 ) ) ;
#947 = DIRECTION ( 'NONE',  ( 0.000000000000000000, -1.000000000000000000, 0.000000000000000000 ) ) ;
#948 = ORIENTED_EDGE ( 'NONE', *, *, #1574, .T. ) ;
#949 = EDGE_CURVE ( 'NONE', #1642, #1557, #307, .T. ) ;
#950 = AXIS2_PLACEMENT_3D ( 'NONE', #1388, #1813, #159 ) ;
#951 = PLANE ( 'NONE',  #1140 ) ;
#952 = CARTESIAN_POINT ( 'NONE',  ( -3.000000000000000444, 4.099999999999999645, -3.000000000000000000 ) ) ;
#953 = ORIENTED_EDGE ( 'NONE', *, *, #1182, .T. ) ;
#954 = LINE ( 'NONE', #1125, #508 ) ;
#955 = CARTESIAN_POINT ( 'NONE',  ( 1.331139896894368624, 5.754208492588622548, 1.141145957990159721 ) ) ;
#956 = PRESENTATION_STYLE_ASSIGNMENT (( #1260 ) ) ;
#957 = DIRECTION ( 'NONE',  ( -1.000000000000000000, -0.000000000000000000, -0.000000000000000000 ) ) ;
#958 = AXIS2_PLACEMENT_3D ( 'NONE', #700, #559, #1808 ) ;
#959 = ORIENTED_EDGE ( 'NONE', *, *, #486, .T. ) ;
#960 = ORIENTED_EDGE ( 'NONE', *, *, #584, .F. ) ;
#961 = EDGE_CURVE ( 'NONE', #244, #358, #1793, .T. ) ;
#962 = DIRECTION ( 'NONE',  ( 0.000000000000000000, 0.000000000000000000, 1.000000000000000000 ) ) ;
#963 = VECTOR ( 'NONE', #625, 1000.000000000000000 ) ;
#964 = ORIENTED_EDGE ( 'NONE', *, *, #1244, .T. ) ;
#965 = ADVANCED_FACE ( 'NONE', ( #94 ), #1658, .T. ) ;
#966 = CARTESIAN_POINT ( 'NONE',  ( 0.000000000000000000, 0.000000000000000000, 0.000000000000000000 ) ) ;
#967 = EDGE_CURVE ( 'NONE', #898, #33, #1065, .T. ) ;
#968 = LINE ( 'NONE', #354, #1390 ) ;
#969 = CARTESIAN_POINT ( 'NONE',  ( -0.3756097180881738384, 1.000000000000000000, 0.3473380188771849619 ) ) ;
#970 = LINE ( 'NONE', #1567, #890 ) ;
#971 = CARTESIAN_POINT ( 'NONE',  ( 2.000000000000000000, 10.90000000000000036, 2.499999999999999556 ) ) ;
#972 = ADVANCED_FACE ( 'NONE', ( #1780 ), #1464, .F. ) ;
#973 = DIRECTION ( 'NONE',  ( -0.000000000000000000, 1.000000000000000000, -0.000000000000000000 ) ) ;
#974 = CARTESIAN_POINT ( 'NONE',  ( 0.000000000000000000, 7.249999999999999112, -2.000000000000000000 ) ) ;
#975 = ADVANCED_FACE ( 'NONE', ( #567 ), #1770, .T. ) ;
#976 = AXIS2_PLACEMENT_3D ( 'NONE', #1117, #637, #1422 ) ;
#977 = ORIENTED_EDGE ( 'NONE', *, *, #478, .T. ) ;
#978 = CYLINDRICAL_SURFACE ( 'NONE', #924, 0.5000000000000000000 ) ;
#979 = EDGE_LOOP ( 'NONE', ( #1232, #1167, #1898, #1149 ) ) ;
#980 = LINE ( 'NONE', #992, #188 ) ;
#981 = EDGE_CURVE ( 'NONE', #179, #92, #72, .T. ) ;
#982 = CARTESIAN_POINT ( 'NONE',  ( 2.500000000000000000, 14.50000000000000000, 3.000000000000000000 ) ) ;
#983 = CARTESIAN_POINT ( 'NONE',  ( -0.3756097180881738384, 3.600000000000000089, -2.976393344246980543 ) ) ;
#984 = FACE_OUTER_BOUND ( 'NONE', #2000, .T. ) ;
#985 = CIRCLE ( 'NONE', #91, 3.000000000000000444 ) ;
#986 = AXIS2_PLACEMENT_3D ( 'NONE', #1662, #1067, #910 ) ;
#987 = ORIENTED_EDGE ( 'NONE', *, *, #42, .T. ) ;
#988 = ADVANCED_FACE ( 'NONE', ( #1044 ), #264, .T. ) ;
#989 = FACE_OUTER_BOUND ( 'NONE', #1101, .T. ) ;
#990 = EDGE_LOOP ( 'NONE', ( #828, #1802, #481, #848 ) ) ;
#991 = CIRCLE ( 'NONE', #717, 0.5000000000000000000 ) ;
#992 = CARTESIAN_POINT ( 'NONE',  ( 0.000000000000000000, 8.000000000000000000, -1.750000000000000000 ) ) ;
#993 = DIRECTION ( 'NONE',  ( 0.000000000000000000, 0.000000000000000000, -1.000000000000000000 ) ) ;
#994 = CARTESIAN_POINT ( 'NONE',  ( -2.000000000000000000, 10.90000000000000036, -3.000000000000000000 ) ) ;
#995 = AXIS2_PLACEMENT_3D ( 'NONE', #1050, #1809, #145 ) ;
#996 = DIRECTION ( 'NONE',  ( -0.000000000000000000, -1.000000000000000000, -0.000000000000000000 ) ) ;
#997 = EDGE_CURVE ( 'NONE', #1762, #1455, #1307, .T. ) ;
#998 = DIRECTION ( 'NONE',  ( -0.000000000000000000, 1.000000000000000000, 0.000000000000000000 ) ) ;
#999 = CARTESIAN_POINT ( 'NONE',  ( 0.000000000000000000, 2.000000000000000000, -1.750000000000000000 ) ) ;
#1000 = AXIS2_PLACEMENT_3D ( 'NONE', #730, #1035, #1347 ) ;
#1001 = ORIENTED_EDGE ( 'NONE', *, *, #1675, .F. ) ;
#1002 = LINE ( 'NONE', #1469, #1860 ) ;
#1003 = DIRECTION ( 'NONE',  ( 0.000000000000000000, 1.000000000000000000, 0.000000000000000000 ) ) ;
#1004 = CIRCLE ( 'NONE', #1154, 2.500000000000000000 ) ;
#1005 = CARTESIAN_POINT ( 'NONE',  ( -2.500000000000000444, 10.40000000000000036, -3.000000000000000000 ) ) ;
#1006 = VECTOR ( 'NONE', #259, 1000.000000000000000 ) ;
#1007 = CARTESIAN_POINT ( 'NONE',  ( 0.000000000000000000, 1.000000000000000000, 0.000000000000000000 ) ) ;
#1008 = EDGE_CURVE ( 'NONE', #1762, #856, #1922, .T. ) ;
#1009 = ORIENTED_EDGE ( 'NONE', *, *, #1923, .F. ) ;
#1010 = CARTESIAN_POINT ( 'NONE',  ( 0.000000000000000000, 8.000000000000000000, 0.000000000000000000 ) ) ;
#1011 = CARTESIAN_POINT ( 'NONE',  ( -1.749636712746228895, 6.281097572195210255, 0.1297388056632124143 ) ) ;
#1012 = DIRECTION ( 'NONE',  ( 0.000000000000000000, -1.000000000000000000, 0.000000000000000000 ) ) ;
#1013 = EDGE_LOOP ( 'NONE', ( #233, #784, #591, #165, #243 ) ) ;
#1014 = DIRECTION ( 'NONE',  ( 0.000000000000000000, 1.000000000000000000, 0.000000000000000000 ) ) ;
#1015 = CARTESIAN_POINT ( 'NONE',  ( 2.999999999999999556, 14.00000000000000000, -2.500000000000000000 ) ) ;
#1016 = EDGE_CURVE ( 'NONE', #1830, #1436, #1504, .T. ) ;
#1017 = DIRECTION ( 'NONE',  ( 0.000000000000000000, 0.000000000000000000, 1.000000000000000000 ) ) ;
#1018 = DIRECTION ( 'NONE',  ( -0.000000000000000000, -0.000000000000000000, 1.000000000000000000 ) ) ;
#1019 = ADVANCED_FACE ( 'NONE', ( #241 ), #1474, .F. ) ;
#1020 = CARTESIAN_POINT ( 'NONE',  ( -2.475753683354318113, 0.000000000000000000, -0.3473380188771850730 ) ) ;
#1021 = LINE ( 'NONE', #1625, #1346 ) ;
#1022 = ORIENTED_EDGE ( 'NONE', *, *, #803, .T. ) ;
#1023 = CARTESIAN_POINT ( 'NONE',  ( 0.000000000000000000, 7.249999999999999112, -2.000000000000000000 ) ) ;
#1024 = EDGE_LOOP ( 'NONE', ( #240, #1301, #228 ) ) ;
#1025 = ORIENTED_EDGE ( 'NONE', *, *, #853, .F. ) ;
#1026 = CARTESIAN_POINT ( 'NONE',  ( 0.000000000000000000, 1.500000000000000000, 0.000000000000000000 ) ) ;
#1027 = CARTESIAN_POINT ( 'NONE',  ( -2.999999999999999556, 14.50000000000000000, 2.499999999999999556 ) ) ;
#1028 = ORIENTED_EDGE ( 'NONE', *, *, #1776, .T. ) ;
#1029 = CARTESIAN_POINT ( 'NONE',  ( -1.106981716721122444, 5.573045775708846961, -1.372620226746371630 ) ) ;
#1030 = ADVANCED_FACE ( 'NONE', ( #454 ), #1710, .F. ) ;
#1031 = CARTESIAN_POINT ( 'NONE',  ( -0.3756097180881738939, -1.321371397716709022E-16, 2.603925977633404720 ) ) ;
#1032 = AXIS2_PLACEMENT_3D ( 'NONE', #719, #230, #108 ) ;
#1033 = B_SPLINE_CURVE_WITH_KNOTS ( 'NONE', 3,
 ( #1340, #920, #448, #1644, #929, #581 ),
 .UNSPECIFIED., .F., .F.,
 ( 4, 2, 4 ),
 ( 0.002827040906084300319, 0.003219451536515782232, 0.003611862166947263711 ),
 .UNSPECIFIED. ) ;
#1034 = ORIENTED_EDGE ( 'NONE', *, *, #336, .T. ) ;
#1035 = DIRECTION ( 'NONE',  ( -1.000000000000000000, 0.000000000000000000, 0.000000000000000000 ) ) ;
#1036 = ORIENTED_EDGE ( 'NONE', *, *, #1431, .F. ) ;
#1037 = CARTESIAN_POINT ( 'NONE',  ( 2.143131898507868297E-16, 8.000000000000000000, 1.750000000000000000 ) ) ;
#1038 = PLANE ( 'NONE',  #1583 ) ;
#1039 = CYLINDRICAL_SURFACE ( 'NONE', #1848, 2.000000000000000000 ) ;
#1040 = DIRECTION ( 'NONE',  ( 1.000000000000000000, 0.000000000000000000, 0.000000000000000000 ) ) ;
#1041 = DIRECTION ( 'NONE',  ( -1.000000000000000000, 0.000000000000000000, 0.000000000000000000 ) ) ;
#1042 = ADVANCED_FACE ( 'NONE', ( #465 ), #1344, .T. ) ;
#1043 = ORIENTED_EDGE ( 'NONE', *, *, #1847, .F. ) ;
#1044 = FACE_OUTER_BOUND ( 'NONE', #52, .T. ) ;
#1045 = ORIENTED_EDGE ( 'NONE', *, *, #841, .F. ) ;
#1046 = CARTESIAN_POINT ( 'NONE',  ( 0.000000000000000000, 0.000000000000000000, 0.000000000000000000 ) ) ;
#1047 = ORIENTED_EDGE ( 'NONE', *, *, #1393, .F. ) ;
#1048 = EDGE_CURVE ( 'NONE', #1374, #414, #1914, .T. ) ;
#1049 = CARTESIAN_POINT ( 'NONE',  ( -3.000000000000000444, 14.50000000000000000, -2.500000000000000000 ) ) ;
#1050 = CARTESIAN_POINT ( 'NONE',  ( 2.500000000000000444, 14.00000000000000000, 2.500000000000000000 ) ) ;
#1051 = CARTESIAN_POINT ( 'NONE',  ( 2.475753683354318113, 0.000000000000000000, -0.3473380188771850730 ) ) ;
#1052 = CARTESIAN_POINT ( 'NONE',  ( -2.499999999999999556, 14.50000000000000000, 3.000000000000000000 ) ) ;
#1053 = ORIENTED_EDGE ( 'NONE', *, *, #897, .T. ) ;
#1054 = DIRECTION ( 'NONE',  ( 0.000000000000000000, 0.000000000000000000, 1.000000000000000000 ) ) ;
#1055 = VERTEX_POINT ( 'NONE', #169 ) ;
#1056 = EDGE_CURVE ( 'NONE', #1313, #161, #175, .T. ) ;
#1057 = ORIENTED_EDGE ( 'NONE', *, *, #238, .F. ) ;
#1058 = CARTESIAN_POINT ( 'NONE',  ( -2.000000000000000000, 10.90000000000000036, -2.500000000000000000 ) ) ;
#1059 = CARTESIAN_POINT ( 'NONE',  ( 2.499999999999999556, 14.50000000000000000, -3.000000000000000000 ) ) ;
#1060 = EDGE_CURVE ( 'NONE', #755, #449, #147, .T. ) ;
#1061 = CARTESIAN_POINT ( 'NONE',  ( 0.000000000000000000, 0.5000000000000000000, 0.000000000000000000 ) ) ;
#1062 = DIRECTION ( 'NONE',  ( 0.000000000000000000, 0.000000000000000000, 1.000000000000000000 ) ) ;
#1063 = DIRECTION ( 'NONE',  ( 0.000000000000000000, -0.000000000000000000, -1.000000000000000000 ) ) ;
#1064 = DIRECTION ( 'NONE',  ( -1.000000000000000000, 0.000000000000000000, 0.000000000000000000 ) ) ;
#1065 = CIRCLE ( 'NONE', #1097, 2.000000000000000000 ) ;
#1066 = VERTEX_POINT ( 'NONE', #1670 ) ;
#1067 = DIRECTION ( 'NONE',  ( -1.000000000000000000, -0.000000000000000000, 0.000000000000000000 ) ) ;
#1068 = DIRECTION ( 'NONE',  ( 0.000000000000000000, -1.000000000000000000, 0.000000000000000000 ) ) ;
#1069 = FACE_OUTER_BOUND ( 'NONE', #554, .T. ) ;
#1070 = VECTOR ( 'NONE', #1965, 1000.000000000000000 ) ;
#1071 = CARTESIAN_POINT ( 'NONE',  ( 0.6013117094682626229, 5.339114938242849995, -1.647598563171950081 ) ) ;
#1072 = DIRECTION ( 'NONE',  ( 0.000000000000000000, 0.000000000000000000, 1.000000000000000000 ) ) ;
#1073 = ORIENTED_EDGE ( 'NONE', *, *, #1854, .F. ) ;
#1074 = ORIENTED_EDGE ( 'NONE', *, *, #2007, .F. ) ;
#1075 = DIRECTION ( 'NONE',  ( -1.000000000000000000, 0.000000000000000000, 0.000000000000000000 ) ) ;
#1076 = LINE ( 'NONE', #771, #1330 ) ;
#1077 = VERTEX_POINT ( 'NONE', #766 ) ;
#1078 = CARTESIAN_POINT ( 'NONE',  ( 2.924979039513489365, 0.2378952522519698354, -0.3473380188771851285 ) ) ;
#1079 = DIRECTION ( 'NONE',  ( 0.000000000000000000, 1.000000000000000000, 0.000000000000000000 ) ) ;
#1080 = EDGE_CURVE ( 'NONE', #729, #765, #139, .T. ) ;
#1081 = VECTOR ( 'NONE', #852, 1000.000000000000000 ) ;
#1082 = ORIENTED_EDGE ( 'NONE', *, *, #981, .T. ) ;
#1083 = VECTOR ( 'NONE', #900, 1000.000000000000000 ) ;
#1084 = ADVANCED_FACE ( 'NONE', ( #587 ), #1834, .F. ) ;
#1085 = ORIENTED_EDGE ( 'NONE', *, *, #1700, .F. ) ;
#1086 = VERTEX_POINT ( 'NONE', #303 ) ;
#1087 = FACE_OUTER_BOUND ( 'NONE', #350, .T. ) ;
#1088 = DIRECTION ( 'NONE',  ( 0.000000000000000000, 0.000000000000000000, -1.000000000000000000 ) ) ;
#1089 = VECTOR ( 'NONE', #1964, 1000.000000000000000 ) ;
#1090 = ORIENTED_EDGE ( 'NONE', *, *, #1381, .T. ) ;
#1091 = B_SPLINE_CURVE_WITH_KNOTS ( 'NONE', 3,
 ( #877, #79, #1164, #1309, #1031, #1957 ),
 .UNSPECIFIED., .F., .F.,
 ( 4, 2, 4 ),
 ( 0.001725177201187335285, 0.002118083873390483405, 0.002510990545593631742 ),
 .UNSPECIFIED. ) ;
#1092 = DIRECTION ( 'NONE',  ( -1.000000000000000000, 0.000000000000000000, 0.000000000000000000 ) ) ;
#1093 = CARTESIAN_POINT ( 'NONE',  ( 0.3756097180881738384, 0.000000000000000000, 0.3473380188771850730 ) ) ;
#1094 = EDGE_CURVE ( 'NONE', #1055, #67, #875, .T. ) ;
#1095 = ORIENTED_EDGE ( 'NONE', *, *, #1371, .T. ) ;
#1096 = DIRECTION ( 'NONE',  ( 0.000000000000000000, -2.602085213965207881E-15, 1.000000000000000000 ) ) ;
#1097 = AXIS2_PLACEMENT_3D ( 'NONE', #1023, #857, #1175 ) ;
#1098 = ORIENTED_EDGE ( 'NONE', *, *, #182, .T. ) ;
#1099 = CARTESIAN_POINT ( 'NONE',  ( 0.3756097180881738384, 1.000000000000000000, -2.976393344246980543 ) ) ;
#1100 = DIRECTION ( 'NONE',  ( 0.000000000000000000, 0.000000000000000000, -1.000000000000000000 ) ) ;
#1101 = EDGE_LOOP ( 'NONE', ( #676, #1380, #1968, #1331 ) ) ;
#1102 = DIRECTION ( 'NONE',  ( -0.000000000000000000, 1.000000000000000000, -0.000000000000000000 ) ) ;
#1103 = FACE_OUTER_BOUND ( 'NONE', #390, .T. ) ;
#1104 = CIRCLE ( 'NONE', #665, 0.5000000000000000000 ) ;
#1105 = CARTESIAN_POINT ( 'NONE',  ( 0.000000000000000000, 0.000000000000000000, 0.000000000000000000 ) ) ;
#1106 = DIRECTION ( 'NONE',  ( 0.000000000000000000, 1.000000000000000000, 0.000000000000000000 ) ) ;
#1107 = EDGE_CURVE ( 'NONE', #1549, #24, #1969, .T. ) ;
#1108 = EDGE_CURVE ( 'NONE', #197, #859, #610, .T. ) ;
#1109 = EDGE_LOOP ( 'NONE', ( #1085, #142, #111, #1659 ) ) ;
#1110 = CARTESIAN_POINT ( 'NONE',  ( 2.999999999999999556, 3.600000000000000089, -2.500000000000000000 ) ) ;
#1111 = CARTESIAN_POINT ( 'NONE',  ( -2.979824877512515346, 0.5000000000000000000, 0.3473380188771850730 ) ) ;
#1112 = CARTESIAN_POINT ( 'NONE',  ( 0.000000000000000000, 1.000000000000000000, 0.000000000000000000 ) ) ;
#1113 = AXIS2_PLACEMENT_3D ( 'NONE', #1026, #64, #899 ) ;
#1114 = ORIENTED_EDGE ( 'NONE', *, *, #1755, .T. ) ;
#1115 = DIRECTION ( 'NONE',  ( 0.000000000000000000, 0.000000000000000000, -1.000000000000000000 ) ) ;
#1116 = ADVANCED_FACE ( 'NONE', ( #631 ), #1787, .T. ) ;
#1117 = CARTESIAN_POINT ( 'NONE',  ( 0.000000000000000000, 7.249999999999999112, 2.500000000000000444 ) ) ;
#1118 = DIRECTION ( 'NONE',  ( 0.000000000000000000, 1.000000000000000000, 0.000000000000000000 ) ) ;
#1119 = LINE ( 'NONE', #1894, #1669 ) ;
#1120 = EDGE_LOOP ( 'NONE', ( #138, #566, #747, #275, #323 ) ) ;
#1121 = DIRECTION ( 'NONE',  ( 0.000000000000000000, 0.000000000000000000, -1.000000000000000000 ) ) ;
#1122 = AXIS2_PLACEMENT_3D ( 'NONE', #926, #1555, #1064 ) ;
#1123 = ORIENTED_EDGE ( 'NONE', *, *, #1663, .F. ) ;
#1124 = EDGE_CURVE ( 'NONE', #671, #1756, #500, .T. ) ;
#1125 = CARTESIAN_POINT ( 'NONE',  ( 2.500000000000000000, 14.50000000000000000, 3.000000000000000000 ) ) ;
#1126 = CIRCLE ( 'NONE', #1187, 3.000000000000000444 ) ;
#1127 = CARTESIAN_POINT ( 'NONE',  ( -2.000000000000000000, 14.50000000000000000, 2.499999999999999556 ) ) ;
#1128 = DIRECTION ( 'NONE',  ( -0.000000000000000000, 1.000000000000000000, -0.000000000000000000 ) ) ;
#1129 = LINE ( 'NONE', #1850, #425 ) ;
#1130 = VECTOR ( 'NONE', #181, 1000.000000000000000 ) ;
#1131 = EDGE_LOOP ( 'NONE', ( #987, #252 ) ) ;
#1132 = CARTESIAN_POINT ( 'NONE',  ( 3.673940397442060361E-16, 1.500000000000000000, 3.000000000000000444 ) ) ;
#1133 = LINE ( 'NONE', #1406, #1386 ) ;
#1134 = EDGE_LOOP ( 'NONE', ( #577, #1369, #283, #809 ) ) ;
#1135 = CARTESIAN_POINT ( 'NONE',  ( -2.500000000000000000, 10.90000000000000036, -2.500000000000000000 ) ) ;
#1136 = EDGE_CURVE ( 'NONE', #1086, #858, #1814, .T. ) ;
#1137 = LINE ( 'NONE', #174, #937 ) ;
#1138 = FACE_OUTER_BOUND ( 'NONE', #1327, .T. ) ;
#1139 = VECTOR ( 'NONE', #1766, 1000.000000000000000 ) ;
#1140 = AXIS2_PLACEMENT_3D ( 'NONE', #154, #1075, #1382 ) ;
#1141 = AXIS2_PLACEMENT_3D ( 'NONE', #1280, #335, #1877 ) ;
#1142 = ORIENTED_EDGE ( 'NONE', *, *, #1060, .T. ) ;
#1143 = DIRECTION ( 'NONE',  ( -1.000000000000000000, 0.000000000000000000, 0.000000000000000000 ) ) ;
#1144 = DIRECTION ( 'NONE',  ( -1.000000000000000000, 0.000000000000000000, 0.000000000000000000 ) ) ;
#1145 = DIRECTION ( 'NONE',  ( -0.000000000000000000, -0.000000000000000000, 1.000000000000000000 ) ) ;
#1146 = FACE_OUTER_BOUND ( 'NONE', #556, .T. ) ;
#1147 = ADVANCED_FACE ( 'NONE', ( #444 ), #789, .T. ) ;
#1148 = DIRECTION ( 'NONE',  ( -1.445602896647339163E-16, 0.000000000000000000, -1.000000000000000000 ) ) ;
#1149 = ORIENTED_EDGE ( 'NONE', *, *, #1882, .F. ) ;
#1150 = FACE_OUTER_BOUND ( 'NONE', #1242, .T. ) ;
#1151 = VERTEX_POINT ( 'NONE', #1542 ) ;
#1152 = CARTESIAN_POINT ( 'NONE',  ( -0.3756097180881738384, 1.000000000000000000, -2.976393344246980543 ) ) ;
#1153 = CARTESIAN_POINT ( 'NONE',  ( 0.000000000000000000, 1.500000000000000000, 0.000000000000000000 ) ) ;
#1154 = AXIS2_PLACEMENT_3D ( 'NONE', #47, #1410, #674 ) ;
#1155 = VERTEX_POINT ( 'NONE', #477 ) ;
#1156 = DIRECTION ( 'NONE',  ( 0.000000000000000000, 1.000000000000000000, 0.000000000000000000 ) ) ;
#1157 = EDGE_CURVE ( 'NONE', #1534, #141, #1137, .T. ) ;
#1158 = SHAPE_DEFINITION_REPRESENTATION ( #1782, #1892 ) ;
#1159 = ADVANCED_FACE ( 'NONE', ( #807 ), #524, .T. ) ;
#1160 = CYLINDRICAL_SURFACE ( 'NONE', #1805, 3.000000000000000444 ) ;
#1161 = FACE_OUTER_BOUND ( 'NONE', #733, .T. ) ;
#1162 = ORIENTED_EDGE ( 'NONE', *, *, #1056, .F. ) ;
#1163 = CARTESIAN_POINT ( 'NONE',  ( -2.979824877512515346, 0.5000000000000000000, -0.3473380188771850730 ) ) ;
#1164 = CARTESIAN_POINT ( 'NONE',  ( -0.3756097180881738939, 0.2376110541985603231, 2.921143534657433705 ) ) ;
#1165 = ORIENTED_EDGE ( 'NONE', *, *, #915, .F. ) ;
#1166 = DIRECTION ( 'NONE',  ( 0.000000000000000000, -1.000000000000000000, 0.000000000000000000 ) ) ;
#1167 = ORIENTED_EDGE ( 'NONE', *, *, #546, .T. ) ;
#1168 = VECTOR ( 'NONE', #1629, 1000.000000000000000 ) ;
#1169 = ADVANCED_FACE ( 'NONE', ( #364 ), #12, .F. ) ;
#1170 = CARTESIAN_POINT ( 'NONE',  ( 0.2476435476603217889, 5.261677724832671821, 1.736687816734893364 ) ) ;
#1171 = CARTESIAN_POINT ( 'NONE',  ( -0.3756097180881738384, 1.000000000000000000, 2.976393344246980543 ) ) ;
#1172 = CARTESIAN_POINT ( 'NONE',  ( -1.523527179069634752, 5.946392529928735016, 0.8877605929605967283 ) ) ;
#1173 = CARTESIAN_POINT ( 'NONE',  ( -2.207106781186547462, 10.69289321881345245, -3.000000000000000000 ) ) ;
#1174 = ORIENTED_EDGE ( 'NONE', *, *, #1742, .T. ) ;
#1175 = DIRECTION ( 'NONE',  ( 1.000000000000000000, 0.000000000000000000, 0.000000000000000000 ) ) ;
#1176 = ORIENTED_EDGE ( 'NONE', *, *, #42, .F. ) ;
#1177 = ORIENTED_EDGE ( 'NONE', *, *, #266, .T. ) ;
#1178 = DIRECTION ( 'NONE',  ( -0.000000000000000000, 0.000000000000000000, -1.000000000000000000 ) ) ;
#1179 = ORIENTED_EDGE ( 'NONE', *, *, #1648, .F. ) ;
#1180 = CARTESIAN_POINT ( 'NONE',  ( -2.000000000000000000, 14.50000000000000000, -2.500000000000000000 ) ) ;
#1181 = CARTESIAN_POINT ( 'NONE',  ( -3.970154332050263246, 0.000000000000000000, -0.3473380188771850730 ) ) ;
#1182 = EDGE_CURVE ( 'NONE', #1239, #1825, #684, .T. ) ;
#1183 = CARTESIAN_POINT ( 'NONE',  ( -1.685759103580426244, 6.172715994869624190, 0.4845357214478651642 ) ) ;
#1184 = FACE_OUTER_BOUND ( 'NONE', #255, .T. ) ;
#1185 = AXIS2_PLACEMENT_3D ( 'NONE', #994, #642, #332 ) ;
#1186 = ORIENTED_EDGE ( 'NONE', *, *, #1712, .T. ) ;
#1187 = AXIS2_PLACEMENT_3D ( 'NONE', #1153, #226, #855 ) ;
#1188 = DIRECTION ( 'NONE',  ( 0.000000000000000000, 0.000000000000000000, -1.000000000000000000 ) ) ;
#1189 = ORIENTED_EDGE ( 'NONE', *, *, #70, .F. ) ;
#1190 = CIRCLE ( 'NONE', #573, 2.500000000000000444 ) ;
#1191 = ORIENTED_EDGE ( 'NONE', *, *, #1233, .T. ) ;
#1192 = DIRECTION ( 'NONE',  ( -1.000000000000000000, 0.000000000000000000, -0.000000000000000000 ) ) ;
#1193 = CARTESIAN_POINT ( 'NONE',  ( 0.000000000000000000, 0.000000000000000000, 0.000000000000000000 ) ) ;
#1194 = CARTESIAN_POINT ( 'NONE',  ( 2.500000000000000444, 14.00000000000000000, 2.500000000000000000 ) ) ;
#1195 = CARTESIAN_POINT ( 'NONE',  ( -0.3756097180881738384, 0.000000000000000000, -2.471622410417441795 ) ) ;
#1196 = ADVANCED_FACE ( 'NONE', ( #355 ), #14, .T. ) ;
#1197 = ORIENTED_EDGE ( 'NONE', *, *, #173, .T. ) ;
#1198 = DIRECTION ( 'NONE',  ( -1.224646799147353454E-16, 0.000000000000000000, -1.000000000000000000 ) ) ;
#1199 = ORIENTED_EDGE ( 'NONE', *, *, #374, .F. ) ;
#1200 = DIRECTION ( 'NONE',  ( -1.000000000000000000, -0.000000000000000000, -0.000000000000000000 ) ) ;
#1201 = LINE ( 'NONE', #258, #1591 ) ;
#1202 = VECTOR ( 'NONE', #76, 1000.000000000000000 ) ;
#1203 = DIRECTION ( 'NONE',  ( 0.000000000000000000, 0.000000000000000000, 1.000000000000000000 ) ) ;
#1204 = DIRECTION ( 'NONE',  ( 1.445602896647339163E-16, -0.000000000000000000, 1.000000000000000000 ) ) ;
#1205 = DIRECTION ( 'NONE',  ( 0.000000000000000000, 1.000000000000000000, 0.000000000000000000 ) ) ;
#1206 = AXIS2_PLACEMENT_3D ( 'NONE', #1290, #1585, #1088 ) ;
#1207 = CARTESIAN_POINT ( 'NONE',  ( 2.143131898507868297E-16, 3.600000000000000089, 1.750000000000000000 ) ) ;
#1208 = EDGE_CURVE ( 'NONE', #570, #1077, #116, .T. ) ;
#1209 = ORIENTED_EDGE ( 'NONE', *, *, #739, .T. ) ;
#1210 = ORIENTED_EDGE ( 'NONE', *, *, #1365, .T. ) ;
#1211 = LINE ( 'NONE', #1230, #490 ) ;
#1212 = CARTESIAN_POINT ( 'NONE',  ( -2.500000000000000444, 14.00000000000000000, -2.500000000000000000 ) ) ;
#1213 = DIRECTION ( 'NONE',  ( 0.000000000000000000, -1.000000000000000000, -0.000000000000000000 ) ) ;
#1214 = CARTESIAN_POINT ( 'NONE',  ( -2.500000000000000000, 14.50000000000000000, 2.500000000000000000 ) ) ;
#1215 = ORIENTED_EDGE ( 'NONE', *, *, #754, .F. ) ;
#1216 = DIRECTION ( 'NONE',  ( 0.000000000000000000, 1.000000000000000000, 0.000000000000000000 ) ) ;
#1217 = ORIENTED_EDGE ( 'NONE', *, *, #1496, .T. ) ;
#1218 = EDGE_CURVE ( 'NONE', #1694, #1549, #534, .T. ) ;
#1219 = CIRCLE ( 'NONE', #1823, 1.750000000000000000 ) ;
#1220 = LINE ( 'NONE', #447, #58 ) ;
#1221 = EDGE_CURVE ( 'NONE', #1086, #1970, #1568, .T. ) ;
#1222 = CARTESIAN_POINT ( 'NONE',  ( 2.500000000000000000, 10.40000000000000036, 3.000000000000000000 ) ) ;
#1223 = VERTEX_POINT ( 'NONE', #663 ) ;
#1224 = DIRECTION ( 'NONE',  ( -1.000000000000000000, 0.000000000000000000, 0.000000000000000000 ) ) ;
#1225 = AXIS2_PLACEMENT_3D ( 'NONE', #440, #741, #574 ) ;
#1226 = CARTESIAN_POINT ( 'NONE',  ( 1.653093193058459809, 6.121947458419913168, -0.5845998457466201614 ) ) ;
#1227 = FACE_OUTER_BOUND ( 'NONE', #199, .T. ) ;
#1228 = CARTESIAN_POINT ( 'NONE',  ( -2.500000000000000000, 14.50000000000000000, -3.000000000000000000 ) ) ;
#1229 = ORIENTED_EDGE ( 'NONE', *, *, #1571, .T. ) ;
#1230 = CARTESIAN_POINT ( 'NONE',  ( 2.979824877512515346, 3.600000000000000089, 0.3473380188771850730 ) ) ;
#1231 = PLANE ( 'NONE',  #825 ) ;
#1232 = ORIENTED_EDGE ( 'NONE', *, *, #538, .F. ) ;
#1233 = EDGE_CURVE ( 'NONE', #927, #1066, #27, .T. ) ;
#1234 = CARTESIAN_POINT ( 'NONE',  ( 2.000000000000000000, 14.50000000000000178, 2.792893218813452094 ) ) ;
#1235 = CYLINDRICAL_SURFACE ( 'NONE', #1717, 1.750000000000000000 ) ;
#1236 = CIRCLE ( 'NONE', #888, 0.5000000000000000000 ) ;
#1237 = VECTOR ( 'NONE', #1612, 1000.000000000000000 ) ;
#1238 = FACE_OUTER_BOUND ( 'NONE', #408, .T. ) ;
#1239 = VERTEX_POINT ( 'NONE', #1442 ) ;
#1240 = CYLINDRICAL_SURFACE ( 'NONE', #1291, 0.5000000000000000000 ) ;
#1241 = LINE ( 'NONE', #504, #1457 ) ;
#1242 = EDGE_LOOP ( 'NONE', ( #1215, #387, #1272, #698 ) ) ;
#1243 = CARTESIAN_POINT ( 'NONE',  ( -2.207106781186547462, 10.69289321881345245, 3.000000000000000000 ) ) ;
#1244 = EDGE_CURVE ( 'NONE', #765, #1055, #1267, .T. ) ;
#1245 = CARTESIAN_POINT ( 'NONE',  ( 2.500000000000000444, 4.099999999999999645, 3.000000000000000000 ) ) ;
#1246 = UNCERTAINTY_MEASURE_WITH_UNIT (LENGTH_MEASURE( 1.000000000000000082E-05 ), #98, 'distance_accuracy_value', 'NONE');
#1247 = FACE_BOUND ( 'NONE', #1131, .T. ) ;
#1248 = DIRECTION ( 'NONE',  ( 1.000000000000000000, 0.000000000000000000, 0.000000000000000000 ) ) ;
#1249 = VECTOR ( 'NONE', #957, 1000.000000000000000 ) ;
#1250 = DIRECTION ( 'NONE',  ( 0.000000000000000000, 1.000000000000000000, -0.000000000000000000 ) ) ;
#1251 = AXIS2_PLACEMENT_3D ( 'NONE', #1112, #1128, #1604 ) ;
#1252 = ORIENTED_EDGE ( 'NONE', *, *, #1401, .F. ) ;
#1253 = PLANE ( 'NONE',  #1582 ) ;
#1254 = CARTESIAN_POINT ( 'NONE',  ( 1.652611474841350514, 6.121227035927967464, 0.5859952786266569014 ) ) ;
#1255 = CIRCLE ( 'NONE', #372, 0.5000000000000000000 ) ;
#1256 = CARTESIAN_POINT ( 'NONE',  ( 2.143262355408378709E-16, 5.249999999999999112, 1.750000000000000000 ) ) ;
#1257 = EDGE_CURVE ( 'NONE', #690, #1481, #1004, .T. ) ;
#1258 = CARTESIAN_POINT ( 'NONE',  ( -2.499999999999999556, 4.099999999999999645, 3.000000000000000000 ) ) ;
#1259 = DIRECTION ( 'NONE',  ( 0.000000000000000000, 0.000000000000000000, 1.000000000000000000 ) ) ;
#1260 = SURFACE_STYLE_USAGE ( .BOTH. , #1580 ) ;
#1261 = DIRECTION ( 'NONE',  ( 0.000000000000000000, 0.000000000000000000, -1.000000000000000000 ) ) ;
#1262 = VECTOR ( 'NONE', #1577, 1000.000000000000000 ) ;
#1263 = AXIS2_PLACEMENT_3D ( 'NONE', #939, #1546, #634 ) ;
#1264 = SPHERICAL_SURFACE ( 'NONE', #756, 0.5000000000000000000 ) ;
#1265 = CARTESIAN_POINT ( 'NONE',  ( 0.3756097180881738384, 0.4999999999974031328, 2.976393344264287144 ) ) ;
#1266 = CARTESIAN_POINT ( 'NONE',  ( -0.4855201786079473836, 5.306069673250920715, 1.685681542465625293 ) ) ;
#1267 = LINE ( 'NONE', #183, #280 ) ;
#1268 = DIRECTION ( 'NONE',  ( 0.000000000000000000, 0.000000000000000000, -1.000000000000000000 ) ) ;
#1269 = VERTEX_POINT ( 'NONE', #1289 ) ;
#1270 = CARTESIAN_POINT ( 'NONE',  ( 0.000000000000000000, 10.40000000000000036, -2.500000000000000000 ) ) ;
#1271 = VECTOR ( 'NONE', #1054, 1000.000000000000000 ) ;
#1272 = ORIENTED_EDGE ( 'NONE', *, *, #1298, .T. ) ;
#1273 =( BOUNDED_CURVE ( )  B_SPLINE_CURVE ( 3, ( #1716, #1243, #785, #26 ),
 .UNSPECIFIED., .F., .T. ) 
 B_SPLINE_CURVE_WITH_KNOTS ( ( 4, 4 ),
 ( 4.712388980384689674, 6.283185307179586232 ),
 .UNSPECIFIED. ) 
 CURVE ( )  GEOMETRIC_REPRESENTATION_ITEM ( )  RATIONAL_B_SPLINE_CURVE ( ( 1.000000000000000000, 0.8047378541243649375, 0.8047378541243649375, 1.000000000000000000 ) ) 
 REPRESENTATION_ITEM ( '' )  );
#1274 = EDGE_CURVE ( 'NONE', #334, #464, #1564, .T. ) ;
#1275 = DIRECTION ( 'NONE',  ( 0.000000000000000000, 0.000000000000000000, -1.000000000000000000 ) ) ;
#1276 = CARTESIAN_POINT ( 'NONE',  ( -2.500000000000000444, 4.099999999999999645, -2.500000000000000000 ) ) ;
#1277 = DIRECTION ( 'NONE',  ( 1.445602896647339163E-16, -0.000000000000000000, 1.000000000000000000 ) ) ;
#1278 = AXIS2_PLACEMENT_3D ( 'NONE', #1563, #805, #1409 ) ;
#1279 = LINE ( 'NONE', #514, #279 ) ;
#1280 = CARTESIAN_POINT ( 'NONE',  ( 0.000000000000000000, 1.000000000000000000, 0.000000000000000000 ) ) ;
#1281 = PRESENTATION_LAYER_ASSIGNMENT (  '', '', ( #156 ) ) ;
#1282 = ORIENTED_EDGE ( 'NONE', *, *, #981, .F. ) ;
#1283 = COLOUR_RGB ( '',0.7921568627450980005, 0.8196078431372548767, 0.9333333333333333481 ) ;
#1284 = DIRECTION ( 'NONE',  ( 0.000000000000000000, -0.000000000000000000, -1.000000000000000000 ) ) ;
#1285 =( BOUNDED_CURVE ( )  B_SPLINE_CURVE ( 3, ( #44, #1684, #1839, #1383 ),
 .UNSPECIFIED., .F., .F. ) 
 B_SPLINE_CURVE_WITH_KNOTS ( ( 4, 4 ),
 ( 0.000000000000000000, 1.570796326794896558 ),
 .UNSPECIFIED. ) 
 CURVE ( )  GEOMETRIC_REPRESENTATION_ITEM ( )  RATIONAL_B_SPLINE_CURVE ( ( 1.000000000000000000, 0.8047378541243649375, 0.8047378541243649375, 1.000000000000000000 ) ) 
 REPRESENTATION_ITEM ( '' )  );
#1286 = EDGE_CURVE ( 'NONE', #1836, #1523, #1119, .T. ) ;
#1287 = ORIENTED_EDGE ( 'NONE', *, *, #1431, .T. ) ;
#1288 = DIRECTION ( 'NONE',  ( 0.000000000000000000, 0.000000000000000000, 1.000000000000000000 ) ) ;
#1289 = CARTESIAN_POINT ( 'NONE',  ( 2.475753683354318113, 0.000000000000000000, 0.3473380188771850730 ) ) ;
#1290 = CARTESIAN_POINT ( 'NONE',  ( 0.3756097180881738384, 1.000000000000000000, -3.000000000000000000 ) ) ;
#1291 = AXIS2_PLACEMENT_3D ( 'NONE', #1508, #1973, #928 ) ;
#1292 = ORIENTED_EDGE ( 'NONE', *, *, #1208, .T. ) ;
#1293 = CARTESIAN_POINT ( 'NONE',  ( -3.970154332050263246, 1.000000000000000000, 0.3473380188771850730 ) ) ;
#1294 = LINE ( 'NONE', #1027, #1081 ) ;
#1295 = EDGE_CURVE ( 'NONE', #1950, #141, #1728, .T. ) ;
#1296 = CARTESIAN_POINT ( 'NONE',  ( 2.979824877512565529, 0.3691926823068732988, 0.3473380188771850174 ) ) ;
#1297 = CARTESIAN_POINT ( 'NONE',  ( 0.000000000000000000, 2.000000000000000000, 0.000000000000000000 ) ) ;
#1298 = EDGE_CURVE ( 'NONE', #33, #1223, #513, .T. ) ;
#1299 = VERTEX_POINT ( 'NONE', #1902 ) ;
#1300 = DIRECTION ( 'NONE',  ( -0.000000000000000000, -1.000000000000000000, -0.000000000000000000 ) ) ;
#1301 = ORIENTED_EDGE ( 'NONE', *, *, #575, .F. ) ;
#1302 = ADVANCED_FACE ( 'NONE', ( #1146 ), #339, .T. ) ;
#1303 = DIRECTION ( 'NONE',  ( -0.000000000000000000, 1.000000000000000000, -0.000000000000000000 ) ) ;
#1304 = ORIENTED_EDGE ( 'NONE', *, *, #301, .F. ) ;
#1305 = CARTESIAN_POINT ( 'NONE',  ( 0.1231837124207780659, 5.249999999999999112, 1.750000000000000444 ) ) ;
#1306 = DIRECTION ( 'NONE',  ( 0.000000000000000000, -1.000000000000000000, 0.000000000000000000 ) ) ;
#1307 = CIRCLE ( 'NONE', #1439, 3.000000000000000444 ) ;
#1308 = CARTESIAN_POINT ( 'NONE',  ( 2.475753683354318113, 0.000000000000000000, 0.3473380188771850730 ) ) ;
#1309 = CARTESIAN_POINT ( 'NONE',  ( -0.3756097180881738384, 0.05355307725036148603, 2.734557626406779018 ) ) ;
#1310 = VECTOR ( 'NONE', #1719, 1000.000000000000000 ) ;
#1311 = ORIENTED_EDGE ( 'NONE', *, *, #140, .T. ) ;
#1312 = EDGE_CURVE ( 'NONE', #657, #1374, #176, .T. ) ;
#1313 = VERTEX_POINT ( 'NONE', #694 ) ;
#1314 = CIRCLE ( 'NONE', #445, 3.000000000000000444 ) ;
#1315 = CARTESIAN_POINT ( 'NONE',  ( 2.000000000000000000, 10.90000000000000036, -3.000000000000000000 ) ) ;
#1316 = EDGE_LOOP ( 'NONE', ( #933, #1022, #1507, #298, #543, #122, #1740, #306, #1652, #1358, #1980, #811 ) ) ;
#1317 = EDGE_CURVE ( 'NONE', #1436, #449, #576, .T. ) ;
#1318 = LINE ( 'NONE', #134, #1972 ) ;
#1319 = CARTESIAN_POINT ( 'NONE',  ( -2.500000000000000444, 4.099999999999999645, -2.500000000000000000 ) ) ;
#1320 = CARTESIAN_POINT ( 'NONE',  ( -0.6038506049171805667, 5.339842162847342699, -1.646761261407940768 ) ) ;
#1321 = DIRECTION ( 'NONE',  ( 0.000000000000000000, 0.000000000000000000, 1.000000000000000000 ) ) ;
#1322 = ORIENTED_EDGE ( 'NONE', *, *, #1640, .F. ) ;
#1323 = CARTESIAN_POINT ( 'NONE',  ( 0.000000000000000000, 7.249999999999999112, -2.000000000000000000 ) ) ;
#1324 = ADVANCED_FACE ( 'NONE', ( #1184 ), #418, .T. ) ;
#1325 = VECTOR ( 'NONE', #1632, 1000.000000000000000 ) ;
#1326 = AXIS2_PLACEMENT_3D ( 'NONE', #1666, #1843, #1364 ) ;
#1327 = EDGE_LOOP ( 'NONE', ( #1, #558, #1176, #1589 ) ) ;
#1328 = CARTESIAN_POINT ( 'NONE',  ( 0.3756097180881738384, 1.000000000000000000, -0.3473380188771849619 ) ) ;
#1329 = CARTESIAN_POINT ( 'NONE',  ( -0.3756097180881738384, 0.000000000000000000, -3.000000000000000000 ) ) ;
#1330 = VECTOR ( 'NONE', #1361, 1000.000000000000000 ) ;
#1331 = ORIENTED_EDGE ( 'NONE', *, *, #1844, .F. ) ;
#1332 = CARTESIAN_POINT ( 'NONE',  ( -2.979824877512522452, 0.3686593494024416606, -0.3473380188771850174 ) ) ;
#1333 = LINE ( 'NONE', #376, #639 ) ;
#1334 = ORIENTED_EDGE ( 'NONE', *, *, #115, .T. ) ;
#1335 = AXIS2_PLACEMENT_3D ( 'NONE', #1487, #1983, #761 ) ;
#1336 = DIRECTION ( 'NONE',  ( 1.000000000000000000, 0.000000000000000000, -0.000000000000000000 ) ) ;
#1337 = VERTEX_POINT ( 'NONE', #1909 ) ;
#1338 = EDGE_LOOP ( 'NONE', ( #97, #748, #948, #443 ) ) ;
#1339 = PLANE ( 'NONE',  #1840 ) ;
#1340 = CARTESIAN_POINT ( 'NONE',  ( 0.3756097180881738384, 0.4999999999997870592, -2.976393344248647210 ) ) ;
#1341 = EDGE_CURVE ( 'NONE', #1523, #426, #1343, .T. ) ;
#1342 = CARTESIAN_POINT ( 'NONE',  ( -2.979824877512515346, 0.5000000000000000000, 0.3473380188771850730 ) ) ;
#1343 = LINE ( 'NONE', #1462, #1503 ) ;
#1344 = TOROIDAL_SURFACE ( 'NONE', #1667, 2.500000000000000444, 0.5000000000000000000 ) ;
#1345 = ORIENTED_EDGE ( 'NONE', *, *, #1208, .F. ) ;
#1346 = VECTOR ( 'NONE', #864, 1000.000000000000000 ) ;
#1347 = DIRECTION ( 'NONE',  ( 0.000000000000000000, 0.000000000000000000, 1.000000000000000000 ) ) ;
#1348 = ORIENTED_EDGE ( 'NONE', *, *, #143, .F. ) ;
#1349 = AXIS2_PLACEMENT_3D ( 'NONE', #1135, #798, #1883 ) ;
#1350 = EDGE_LOOP ( 'NONE', ( #1515, #1322, #1009 ) ) ;
#1351 = CARTESIAN_POINT ( 'NONE',  ( -2.475753683354318113, 0.000000000000000000, 0.3473380188771850730 ) ) ;
#1352 = CARTESIAN_POINT ( 'NONE',  ( -2.500000000000000444, 3.600000000000000089, -2.500000000000000000 ) ) ;
#1353 = CARTESIAN_POINT ( 'NONE',  ( -3.970154332050263246, 1.000000000000000000, -0.3473380188771850730 ) ) ;
#1354 = ADVANCED_FACE ( 'NONE', ( #1768, #260 ), #249, .T. ) ;
#1355 = CARTESIAN_POINT ( 'NONE',  ( 2.499999999999999112, 7.249999999999999112, 3.000000000000000000 ) ) ;
#1356 = ORIENTED_EDGE ( 'NONE', *, *, #325, .F. ) ;
#1357 = CARTESIAN_POINT ( 'NONE',  ( -0.3756097180881738384, 0.000000000000000000, 0.3473380188771850730 ) ) ;
#1358 = ORIENTED_EDGE ( 'NONE', *, *, #45, .F. ) ;
#1359 = ORIENTED_EDGE ( 'NONE', *, *, #600, .F. ) ;
#1360 = FACE_OUTER_BOUND ( 'NONE', #170, .T. ) ;
#1361 = DIRECTION ( 'NONE',  ( -1.000000000000000000, -0.000000000000000000, -0.000000000000000000 ) ) ;
#1362 = VECTOR ( 'NONE', #1516, 1000.000000000000000 ) ;
#1363 = DIRECTION ( 'NONE',  ( 0.000000000000000000, 1.000000000000000000, 0.000000000000000000 ) ) ;
#1364 = DIRECTION ( 'NONE',  ( 0.000000000000000000, 0.000000000000000000, -1.000000000000000000 ) ) ;
#1365 = EDGE_CURVE ( 'NONE', #1475, #1880, #1091, .T. ) ;
#1366 = DIRECTION ( 'NONE',  ( -1.445602896647339163E-16, 0.000000000000000000, -1.000000000000000000 ) ) ;
#1367 = CARTESIAN_POINT ( 'NONE',  ( -2.999999999999999556, 10.40000000000000036, 3.000000000000000000 ) ) ;
#1368 = EDGE_CURVE ( 'NONE', #432, #1950, #229, .T. ) ;
#1369 = ORIENTED_EDGE ( 'NONE', *, *, #1522, .F. ) ;
#1370 = EDGE_LOOP ( 'NONE', ( #219, #1889, #466 ) ) ;
#1371 = EDGE_CURVE ( 'NONE', #132, #1530, #1987, .T. ) ;
#1372 = CARTESIAN_POINT ( 'NONE',  ( 0.3756097180881738384, 0.4999999999997870592, -2.976393344248647210 ) ) ;
#1373 = FACE_BOUND ( 'NONE', #1715, .T. ) ;
#1374 = VERTEX_POINT ( 'NONE', #1615 ) ;
#1375 = CARTESIAN_POINT ( 'NONE',  ( 0.3756097180881738384, 0.000000000000000000, -3.000000000000000000 ) ) ;
#1376 = CARTESIAN_POINT ( 'NONE',  ( 1.398799362072861596, 5.817950667586927693, -1.056976245203187226 ) ) ;
#1377 = ORIENTED_EDGE ( 'NONE', *, *, #640, .T. ) ;
#1378 = CARTESIAN_POINT ( 'NONE',  ( 2.499999999999999556, 4.099999999999999645, -2.500000000000000000 ) ) ;
#1379 = AXIS2_PLACEMENT_3D ( 'NONE', #1856, #1846, #757 ) ;
#1380 = ORIENTED_EDGE ( 'NONE', *, *, #173, .F. ) ;
#1381 = EDGE_CURVE ( 'NONE', #765, #690, #892, .T. ) ;
#1382 = DIRECTION ( 'NONE',  ( 0.000000000000000000, 0.000000000000000000, 1.000000000000000000 ) ) ;
#1383 = CARTESIAN_POINT ( 'NONE',  ( -2.500000000000000444, 14.00000000000000000, -3.000000000000000000 ) ) ;
#1384 = EDGE_CURVE ( 'NONE', #203, #1449, #845, .T. ) ;
#1385 = CARTESIAN_POINT ( 'NONE',  ( 2.000000000000000000, 14.50000000000000000, 2.499999999999999556 ) ) ;
#1386 = VECTOR ( 'NONE', #473, 1000.000000000000000 ) ;
#1387 = CARTESIAN_POINT ( 'NONE',  ( -0.3756097180881738384, 0.5000000000000252021, 2.976393344247200368 ) ) ;
#1388 = CARTESIAN_POINT ( 'NONE',  ( -2.499999999999999556, 14.00000000000000000, 2.500000000000000000 ) ) ;
#1389 = CARTESIAN_POINT ( 'NONE',  ( -2.000000000000000000, 14.50000000000000000, 2.499999999999999556 ) ) ;
#1390 = VECTOR ( 'NONE', #1423, 1000.000000000000000 ) ;
#1391 = ORIENTED_EDGE ( 'NONE', *, *, #330, .T. ) ;
#1392 = EDGE_LOOP ( 'NONE', ( #1646, #379, #71, #46 ) ) ;
#1393 = EDGE_CURVE ( 'NONE', #369, #1911, #1126, .T. ) ;
#1394 = LINE ( 'NONE', #616, #1362 ) ;
#1395 = DIRECTION ( 'NONE',  ( 0.000000000000000000, 0.000000000000000000, -1.000000000000000000 ) ) ;
#1396 = ORIENTED_EDGE ( 'NONE', *, *, #669, .F. ) ;
#1397 = FACE_OUTER_BOUND ( 'NONE', #979, .T. ) ;
#1398 = CARTESIAN_POINT ( 'NONE',  ( 0.2474335266461283322, 5.261671595997831297, -1.736694449791579276 ) ) ;
#1399 = AXIS2_PLACEMENT_3D ( 'NONE', #65, #1144, #692 ) ;
#1400 = VECTOR ( 'NONE', #601, 1000.000000000000000 ) ;
#1401 = EDGE_CURVE ( 'NONE', #690, #1825, #1021, .T. ) ;
#1402 = ORIENTED_EDGE ( 'NONE', *, *, #853, .T. ) ;
#1403 = DIRECTION ( 'NONE',  ( 1.000000000000000000, 0.000000000000000000, 0.000000000000000000 ) ) ;
#1404 = CARTESIAN_POINT ( 'NONE',  ( -2.000000000000000000, 10.90000000000000036, 2.499999999999999556 ) ) ;
#1405 = ORIENTED_EDGE ( 'NONE', *, *, #1274, .F. ) ;
#1406 = CARTESIAN_POINT ( 'NONE',  ( 0.3756097180881738384, 1.000000000000000000, -3.000000000000000000 ) ) ;
#1407 = CARTESIAN_POINT ( 'NONE',  ( 1.566572362218153547, 6.004566691817060153, 0.7876332822349950691 ) ) ;
#1408 = ADVANCED_FACE ( 'NONE', ( #1470 ), #1730, .T. ) ;
#1409 = DIRECTION ( 'NONE',  ( 1.000000000000000000, 0.000000000000000000, 0.000000000000000000 ) ) ;
#1410 = DIRECTION ( 'NONE',  ( 0.000000000000000000, 0.000000000000000000, -1.000000000000000000 ) ) ;
#1411 = AXIS2_PLACEMENT_3D ( 'NONE', #1323, #253, #1947 ) ;
#1412 = DIRECTION ( 'NONE',  ( -0.000000000000000000, -1.000000000000000000, -0.000000000000000000 ) ) ;
#1413 = AXIS2_PLACEMENT_3D ( 'NONE', #914, #742, #619 ) ;
#1414 = ORIENTED_EDGE ( 'NONE', *, *, #827, .F. ) ;
#1415 = DIRECTION ( 'NONE',  ( -1.000000000000000000, 0.000000000000000000, -0.000000000000000000 ) ) ;
#1416 = EDGE_CURVE ( 'NONE', #778, #859, #667, .T. ) ;
#1417 = FACE_OUTER_BOUND ( 'NONE', #1109, .T. ) ;
#1418 = CARTESIAN_POINT ( 'NONE',  ( 0.000000000000000000, 0.5000000000000000000, 0.000000000000000000 ) ) ;
#1419 = ORIENTED_EDGE ( 'NONE', *, *, #1733, .T. ) ;
#1420 = DIRECTION ( 'NONE',  ( 0.000000000000000000, 0.000000000000000000, -1.000000000000000000 ) ) ;
#1421 = ORIENTED_EDGE ( 'NONE', *, *, #200, .F. ) ;
#1422 = DIRECTION ( 'NONE',  ( -1.000000000000000000, 0.000000000000000000, 0.000000000000000000 ) ) ;
#1423 = DIRECTION ( 'NONE',  ( -0.000000000000000000, -1.000000000000000000, -0.000000000000000000 ) ) ;
#1424 = CARTESIAN_POINT ( 'NONE',  ( 2.499999999999998224, 4.099999999999999645, -2.500000000000000000 ) ) ;
#1425 = VECTOR ( 'NONE', #527, 1000.000000000000000 ) ;
#1426 = AXIS2_PLACEMENT_3D ( 'NONE', #324, #40, #962 ) ;
#1427 = CARTESIAN_POINT ( 'NONE',  ( 0.3756097180881738384, 1.000000000000000000, -0.3473380188771850730 ) ) ;
#1428 = EDGE_CURVE ( 'NONE', #1721, #1086, #340, .T. ) ;
#1429 = ORIENTED_EDGE ( 'NONE', *, *, #1994, .F. ) ;
#1430 = DIRECTION ( 'NONE',  ( -1.000000000000000000, 0.000000000000000000, 0.000000000000000000 ) ) ;
#1431 = EDGE_CURVE ( 'NONE', #1721, #92, #1333, .T. ) ;
#1432 = LINE ( 'NONE', #1570, #1130 ) ;
#1433 = LINE ( 'NONE', #982, #1705 ) ;
#1434 = DIRECTION ( 'NONE',  ( -0.000000000000000000, -0.000000000000000000, 1.000000000000000000 ) ) ;
#1435 = CARTESIAN_POINT ( 'NONE',  ( 0.000000000000000000, 7.249999999999999112, 2.500000000000000444 ) ) ;
#1436 = VERTEX_POINT ( 'NONE', #1489 ) ;
#1437 = PLANE ( 'NONE',  #1426 ) ;
#1438 = ADVANCED_FACE ( 'NONE', ( #1832 ), #118, .T. ) ;
#1439 = AXIS2_PLACEMENT_3D ( 'NONE', #1803, #422, #697 ) ;
#1440 = VECTOR ( 'NONE', #1434, 1000.000000000000000 ) ;
#1441 = DIRECTION ( 'NONE',  ( 1.445602896647339163E-16, -0.000000000000000000, 1.000000000000000000 ) ) ;
#1442 = CARTESIAN_POINT ( 'NONE',  ( -2.499999999999999556, 3.600000000000000089, 2.500000000000000000 ) ) ;
#1443 = CIRCLE ( 'NONE', #43, 1.750000000000000000 ) ;
#1444 = CARTESIAN_POINT ( 'NONE',  ( -3.970154332050263246, 1.000000000000000000, 0.3473380188771850730 ) ) ;
#1445 = EDGE_LOOP ( 'NONE', ( #518, #792, #95, #1560 ) ) ;
#1446 = FACE_OUTER_BOUND ( 'NONE', #457, .T. ) ;
#1447 = ADVANCED_FACE ( 'NONE', ( #903 ), #752, .T. ) ;
#1448 = DIRECTION ( 'NONE',  ( -1.445602896647339163E-16, 0.000000000000000000, -1.000000000000000000 ) ) ;
#1449 = VERTEX_POINT ( 'NONE', #774 ) ;
#1450 = SPHERICAL_SURFACE ( 'NONE', #479, 0.5000000000000000000 ) ;
#1451 = CARTESIAN_POINT ( 'NONE',  ( 2.979824877512515346, 3.600000000000000089, -0.3473380188771850730 ) ) ;
#1452 = ORIENTED_EDGE ( 'NONE', *, *, #70, .T. ) ;
#1453 = CARTESIAN_POINT ( 'NONE',  ( -2.000000000000000000, 7.249999999999999112, -2.000000000000000000 ) ) ;
#1454 = VECTOR ( 'NONE', #1940, 1000.000000000000000 ) ;
#1455 = VERTEX_POINT ( 'NONE', #282 ) ;
#1456 = DIRECTION ( 'NONE',  ( -0.000000000000000000, 1.000000000000000000, -0.000000000000000000 ) ) ;
#1457 = VECTOR ( 'NONE', #1148, 1000.000000000000000 ) ;
#1458 = DIRECTION ( 'NONE',  ( 0.000000000000000000, 0.000000000000000000, -1.000000000000000000 ) ) ;
#1459 = DIRECTION ( 'NONE',  ( -1.000000000000000000, 0.000000000000000000, 0.000000000000000000 ) ) ;
#1460 = CARTESIAN_POINT ( 'NONE',  ( -1.750349021837950492, 6.282384971723575795, -0.1197459228336318626 ) ) ;
#1461 = EDGE_CURVE ( 'NONE', #1269, #426, #1701, .T. ) ;
#1462 = CARTESIAN_POINT ( 'NONE',  ( 0.3756097180881738384, 0.000000000000000000, -3.000000000000000000 ) ) ;
#1463 = ORIENTED_EDGE ( 'NONE', *, *, #967, .T. ) ;
#1464 = PLANE ( 'NONE',  #906 ) ;
#1465 = EDGE_CURVE ( 'NONE', #1549, #1694, #1219, .T. ) ;
#1466 = ORIENTED_EDGE ( 'NONE', *, *, #1136, .F. ) ;
#1467 = FACE_OUTER_BOUND ( 'NONE', #1445, .T. ) ;
#1468 = DIRECTION ( 'NONE',  ( -1.224646799147352961E-16, 1.000000000000000000, 0.000000000000000000 ) ) ;
#1469 = CARTESIAN_POINT ( 'NONE',  ( -3.000000000000000444, 10.40000000000000036, -3.000000000000000000 ) ) ;
#1470 = FACE_OUTER_BOUND ( 'NONE', #209, .T. ) ;
#1471 = AXIS2_PLACEMENT_3D ( 'NONE', #1529, #149, #137 ) ;
#1472 = ADVANCED_FACE ( 'NONE', ( #1511 ), #944, .T. ) ;
#1473 = VERTEX_POINT ( 'NONE', #1245 ) ;
#1474 = PLANE ( 'NONE',  #1953 ) ;
#1475 = VERTEX_POINT ( 'NONE', #1387 ) ;
#1476 = ORIENTED_EDGE ( 'NONE', *, *, #115, .F. ) ;
#1477 = CARTESIAN_POINT ( 'NONE',  ( 2.143131898507868297E-16, 8.000000000000000000, 1.750000000000000000 ) ) ;
#1478 = DIRECTION ( 'NONE',  ( -0.000000000000000000, -0.000000000000000000, 1.000000000000000000 ) ) ;
#1479 = CARTESIAN_POINT ( 'NONE',  ( -2.500000000000000444, 14.00000000000000000, -3.000000000000000000 ) ) ;
#1480 = CARTESIAN_POINT ( 'NONE',  ( -0.3756097180881738384, 0.5000000000000000000, -2.976393344246980543 ) ) ;
#1481 = VERTEX_POINT ( 'NONE', #1355 ) ;
#1482 = CARTESIAN_POINT ( 'NONE',  ( 3.061616997868383634E-16, 1.500000000000000000, 2.500000000000000444 ) ) ;
#1483 = EDGE_LOOP ( 'NONE', ( #236, #633, #819, #1681 ) ) ;
#1484 = ADVANCED_FACE ( 'NONE', ( #1997 ), #628, .T. ) ;
#1485 = VERTEX_POINT ( 'NONE', #923 ) ;
#1486 = FACE_OUTER_BOUND ( 'NONE', #1316, .T. ) ;
#1487 = CARTESIAN_POINT ( 'NONE',  ( 0.000000000000000000, 14.50000000000000000, 0.000000000000000000 ) ) ;
#1488 = CARTESIAN_POINT ( 'NONE',  ( 2.607472159215780572, -2.093865445612630438E-15, 0.3473380188771851285 ) ) ;
#1489 = CARTESIAN_POINT ( 'NONE',  ( -3.000000000000000444, 14.00000000000000000, -2.500000000000000000 ) ) ;
#1490 = ORIENTED_EDGE ( 'NONE', *, *, #143, .T. ) ;
#1491 = DIRECTION ( 'NONE',  ( 1.000000000000000000, 0.000000000000000000, 0.000000000000000000 ) ) ;
#1492 = ORIENTED_EDGE ( 'NONE', *, *, #266, .F. ) ;
#1493 = EDGE_LOOP ( 'NONE', ( #1794, #1359, #614 ) ) ;
#1494 = DIRECTION ( 'NONE',  ( 1.000000000000000000, 0.000000000000000000, 0.000000000000000000 ) ) ;
#1495 = ORIENTED_EDGE ( 'NONE', *, *, #1008, .T. ) ;
#1496 = EDGE_CURVE ( 'NONE', #449, #1769, #309, .T. ) ;
#1497 = CARTESIAN_POINT ( 'NONE',  ( -2.999999999999999556, 14.50000000000000000, 3.000000000000000000 ) ) ;
#1498 = FACE_OUTER_BOUND ( 'NONE', #612, .T. ) ;
#1499 = CARTESIAN_POINT ( 'NONE',  ( 0.000000000000000000, 3.600000000000000089, -1.750000000000000000 ) ) ;
#1500 = DIRECTION ( 'NONE',  ( 0.000000000000000000, 1.000000000000000000, 0.000000000000000000 ) ) ;
#1501 = AXIS2_PLACEMENT_3D ( 'NONE', #867, #1491, #905 ) ;
#1502 = FACE_OUTER_BOUND ( 'NONE', #1870, .T. ) ;
#1503 = VECTOR ( 'NONE', #1321, 1000.000000000000000 ) ;
#1504 = LINE ( 'NONE', #273, #13 ) ;
#1505 = EDGE_LOOP ( 'NONE', ( #1525, #1090, #1565, #603 ) ) ;
#1506 = B_SPLINE_CURVE_WITH_KNOTS ( 'NONE', 3,
 ( #1163, #1332, #844, #1767, #385, #1020 ),
 .UNSPECIFIED., .F., .F.,
 ( 4, 2, 4 ),
 ( 0.002838042642008779294, 0.003230168171180514917, 0.003622293700352250539 ),
 .UNSPECIFIED. ) ;
#1507 = ORIENTED_EDGE ( 'NONE', *, *, #345, .T. ) ;
#1508 = CARTESIAN_POINT ( 'NONE',  ( 2.500000000000000444, 14.50000000000000000, 2.499999999999998668 ) ) ;
#1509 = CARTESIAN_POINT ( 'NONE',  ( 0.000000000000000000, 0.000000000000000000, 0.000000000000000000 ) ) ;
#1510 = ADVANCED_FACE ( 'NONE', ( #1103 ), #1235, .T. ) ;
#1511 = FACE_OUTER_BOUND ( 'NONE', #348, .T. ) ;
#1512 = ADVANCED_FACE ( 'NONE', ( #1853 ), #1821, .T. ) ;
#1513 = ORIENTED_EDGE ( 'NONE', *, *, #1867, .F. ) ;
#1514 = CARTESIAN_POINT ( 'NONE',  ( 2.499999999999998224, 14.50000000000000000, -3.000000000000000000 ) ) ;
#1515 = ORIENTED_EDGE ( 'NONE', *, *, #1094, .T. ) ;
#1516 = DIRECTION ( 'NONE',  ( 0.000000000000000000, 1.000000000000000000, 0.000000000000000000 ) ) ;
#1517 = LINE ( 'NONE', #750, #196 ) ;
#1518 = AXIS2_PLACEMENT_3D ( 'NONE', #1046, #896, #1494 ) ;
#1519 = AXIS2_PLACEMENT_3D ( 'NONE', #919, #1682, #296 ) ;
#1520 = CARTESIAN_POINT ( 'NONE',  ( 2.500000000000000000, 14.00000000000000000, 3.000000000000000000 ) ) ;
#1521 = DIRECTION ( 'NONE',  ( 0.000000000000000000, -1.000000000000000000, 0.000000000000000000 ) ) ;
#1522 = EDGE_CURVE ( 'NONE', #1950, #107, #420, .T. ) ;
#1523 = VERTEX_POINT ( 'NONE', #1093 ) ;
#1524 = CARTESIAN_POINT ( 'NONE',  ( 0.000000000000000000, 0.5000000000000000000, 0.000000000000000000 ) ) ;
#1525 = ORIENTED_EDGE ( 'NONE', *, *, #1080, .T. ) ;
#1526 = FACE_OUTER_BOUND ( 'NONE', #589, .T. ) ;
#1527 = DIRECTION ( 'NONE',  ( -0.000000000000000000, 1.000000000000000000, -0.000000000000000000 ) ) ;
#1528 = DIRECTION ( 'NONE',  ( -0.000000000000000000, -1.000000000000000000, -0.000000000000000000 ) ) ;
#1529 = CARTESIAN_POINT ( 'NONE',  ( 2.500000000000000000, 14.00000000000000000, -3.614007241618347785E-16 ) ) ;
#1530 = VERTEX_POINT ( 'NONE', #442 ) ;
#1531 = DIRECTION ( 'NONE',  ( -0.000000000000000000, -1.000000000000000000, -0.000000000000000000 ) ) ;
#1532 = AXIS2_PLACEMENT_3D ( 'NONE', #130, #598, #1248 ) ;
#1533 = EDGE_CURVE ( 'NONE', #1628, #1796, #901, .T. ) ;
#1534 = VERTEX_POINT ( 'NONE', #1951 ) ;
#1535 = CARTESIAN_POINT ( 'NONE',  ( 0.000000000000000000, 1.000000000000000000, 0.000000000000000000 ) ) ;
#1536 = CARTESIAN_POINT ( 'NONE',  ( 0.000000000000000000, 3.600000000000000089, 0.000000000000000000 ) ) ;
#1537 = CIRCLE ( 'NONE', #1792, 3.000000000000000444 ) ;
#1538 = EDGE_LOOP ( 'NONE', ( #1781, #699 ) ) ;
#1539 = DIRECTION ( 'NONE',  ( 0.000000000000000000, 0.000000000000000000, -1.000000000000000000 ) ) ;
#1540 = DIRECTION ( 'NONE',  ( 0.000000000000000000, 0.000000000000000000, -1.000000000000000000 ) ) ;
#1541 = DIRECTION ( 'NONE',  ( 0.000000000000000000, 0.000000000000000000, -1.000000000000000000 ) ) ;
#1542 = CARTESIAN_POINT ( 'NONE',  ( 2.475753683354318113, 0.000000000000000000, -0.3473380188771850730 ) ) ;
#1543 = CIRCLE ( 'NONE', #254, 1.750000000000000000 ) ;
#1544 = ORIENTED_EDGE ( 'NONE', *, *, #803, .F. ) ;
#1545 = ORIENTED_EDGE ( 'NONE', *, *, #1971, .F. ) ;
#1546 = DIRECTION ( 'NONE',  ( 0.000000000000000000, -1.000000000000000000, 0.000000000000000000 ) ) ;
#1547 = EDGE_CURVE ( 'NONE', #927, #1661, #221, .T. ) ;
#1548 = FACE_OUTER_BOUND ( 'NONE', #925, .T. ) ;
#1549 = VERTEX_POINT ( 'NONE', #547 ) ;
#1550 = DIRECTION ( 'NONE',  ( 1.000000000000000000, -0.000000000000000000, -0.000000000000000000 ) ) ;
#1551 = CARTESIAN_POINT ( 'NONE',  ( 1.105683566131807849, 5.572273417216669245, 1.373518817399662417 ) ) ;
#1552 = VECTOR ( 'NONE', #1674, 1000.000000000000000 ) ;
#1553 = CIRCLE ( 'NONE', #791, 0.5000000000000000000 ) ;
#1554 = CARTESIAN_POINT ( 'NONE',  ( 2.000000000000000000, 7.249999999999999112, -2.000000000000000000 ) ) ;
#1555 = DIRECTION ( 'NONE',  ( -0.000000000000000000, -0.000000000000000000, -1.000000000000000000 ) ) ;
#1556 = EDGE_LOOP ( 'NONE', ( #412, #84, #871, #316 ) ) ;
#1557 = VERTEX_POINT ( 'NONE', #1477 ) ;
#1558 = ORIENTED_EDGE ( 'NONE', *, *, #1867, .T. ) ;
#1559 = CARTESIAN_POINT ( 'NONE',  ( 0.3756097180881738384, 0.000000000000000000, -2.471622410417441795 ) ) ;
#1560 = ORIENTED_EDGE ( 'NONE', *, *, #1401, .T. ) ;
#1561 = EDGE_CURVE ( 'NONE', #1530, #132, #263, .T. ) ;
#1562 = CARTESIAN_POINT ( 'NONE',  ( 2.500000000000000444, 4.099999999999999645, 2.500000000000000000 ) ) ;
#1563 = CARTESIAN_POINT ( 'NONE',  ( -2.499999999999999556, 4.099999999999999645, 2.500000000000000000 ) ) ;
#1564 = LINE ( 'NONE', #1875, #38 ) ;
#1565 = ORIENTED_EDGE ( 'NONE', *, *, #1257, .T. ) ;
#1566 = ORIENTED_EDGE ( 'NONE', *, *, #1971, .T. ) ;
#1567 = CARTESIAN_POINT ( 'NONE',  ( 0.000000000000000000, 10.90000000000000036, 2.500000000000000000 ) ) ;
#1568 = CIRCLE ( 'NONE', #208, 0.5000000000000000000 ) ;
#1569 = EDGE_LOOP ( 'NONE', ( #1578, #635, #1926, #688 ) ) ;
#1570 = CARTESIAN_POINT ( 'NONE',  ( 2.000000000000000000, 10.90000000000000036, -2.500000000000000000 ) ) ;
#1571 = EDGE_CURVE ( 'NONE', #1299, #856, #1774, .T. ) ;
#1572 = VECTOR ( 'NONE', #1550, 1000.000000000000000 ) ;
#1573 = FILL_AREA_STYLE ('',( #823 ) ) ;
#1574 = EDGE_CURVE ( 'NONE', #671, #1989, #391, .T. ) ;
#1575 = DIRECTION ( 'NONE',  ( 0.000000000000000000, 0.000000000000000000, 1.000000000000000000 ) ) ;
#1576 = ORIENTED_EDGE ( 'NONE', *, *, #1636, .T. ) ;
#1577 = DIRECTION ( 'NONE',  ( 1.000000000000000000, 0.000000000000000000, -0.000000000000000000 ) ) ;
#1578 = ORIENTED_EDGE ( 'NONE', *, *, #1675, .T. ) ;
#1579 = CARTESIAN_POINT ( 'NONE',  ( -2.979824877512519343, 0.3684867038474165524, 0.3473380188771851285 ) ) ;
#1580 = SURFACE_SIDE_STYLE ('',( #204 ) ) ;
#1581 = DIRECTION ( 'NONE',  ( 0.000000000000000000, -1.000000000000000000, 0.000000000000000000 ) ) ;
#1582 = AXIS2_PLACEMENT_3D ( 'NONE', #34, #1275, #7 ) ;
#1583 = AXIS2_PLACEMENT_3D ( 'NONE', #1653, #1017, #737 ) ;
#1584 = EDGE_CURVE ( 'NONE', #1481, #690, #889, .T. ) ;
#1585 = DIRECTION ( 'NONE',  ( 1.000000000000000000, 0.000000000000000000, 0.000000000000000000 ) ) ;
#1586 = AXIS2_PLACEMENT_3D ( 'NONE', #592, #602, #113 ) ;
#1587 = EDGE_LOOP ( 'NONE', ( #531, #1513, #1199, #650 ) ) ;
#1588 = CARTESIAN_POINT ( 'NONE',  ( -2.500000000000000000, 7.249999999999999112, 2.500000000000000444 ) ) ;
#1589 = ORIENTED_EDGE ( 'NONE', *, *, #367, .F. ) ;
#1590 = APPLICATION_CONTEXT ( 'automotive_design' ) ;
#1591 = VECTOR ( 'NONE', #1527, 1000.000000000000000 ) ;
#1592 = DIRECTION ( 'NONE',  ( 0.000000000000000000, -1.000000000000000000, 0.000000000000000000 ) ) ;
#1593 = FACE_OUTER_BOUND ( 'NONE', #1493, .T. ) ;
#1594 = DIRECTION ( 'NONE',  ( -0.000000000000000000, -0.000000000000000000, -1.000000000000000000 ) ) ;
#1595 = CARTESIAN_POINT ( 'NONE',  ( 3.673940397442060361E-16, 3.600000000000000089, 3.000000000000000444 ) ) ;
#1596 = ADVANCED_FACE ( 'NONE', ( #1486 ), #1160, .T. ) ;
#1597 = DIRECTION ( 'NONE',  ( 0.000000000000000000, 0.000000000000000000, -1.000000000000000000 ) ) ;
#1598 = AXIS2_PLACEMENT_3D ( 'NONE', #1618, #1188, #578 ) ;
#1599 = ORIENTED_EDGE ( 'NONE', *, *, #949, .T. ) ;
#1600 = AXIS2_PLACEMENT_3D ( 'NONE', #1736, #835, #494 ) ;
#1601 = DIRECTION ( 'NONE',  ( -0.000000000000000000, -0.000000000000000000, -1.000000000000000000 ) ) ;
#1602 = ADVANCED_FACE ( 'NONE', ( #1785 ), #713, .T. ) ;
#1603 = LINE ( 'NONE', #1645, #404 ) ;
#1604 = DIRECTION ( 'NONE',  ( 1.065814103640150279E-14, 0.000000000000000000, -1.000000000000000000 ) ) ;
#1605 = AXIS2_PLACEMENT_3D ( 'NONE', #168, #1735, #344 ) ;
#1606 = ORIENTED_EDGE ( 'NONE', *, *, #105, .T. ) ;
#1607 = CYLINDRICAL_SURFACE ( 'NONE', #206, 0.5000000000000000000 ) ;
#1608 = ORIENTED_EDGE ( 'NONE', *, *, #533, .F. ) ;
#1609 = APPLICATION_PROTOCOL_DEFINITION ( 'draft international standard', 'automotive_design', 1998, #1931 ) ;
#1610 = ORIENTED_EDGE ( 'NONE', *, *, #1733, .F. ) ;
#1611 = ADVANCED_FACE ( 'NONE', ( #1467 ), #1339, .F. ) ;
#1612 = DIRECTION ( 'NONE',  ( -1.000000000000000000, 0.000000000000000000, 0.000000000000000000 ) ) ;
#1613 = CARTESIAN_POINT ( 'NONE',  ( 0.000000000000000000, 7.249999999999999112, 2.500000000000000444 ) ) ;
#1614 = PLANE ( 'NONE',  #120 ) ;
#1615 = CARTESIAN_POINT ( 'NONE',  ( 2.999999999999999556, 4.099999999999999645, -2.500000000000000000 ) ) ;
#1616 = EDGE_LOOP ( 'NONE', ( #1043, #507, #1114, #274 ) ) ;
#1617 = VECTOR ( 'NONE', #1456, 1000.000000000000000 ) ;
#1618 = CARTESIAN_POINT ( 'NONE',  ( -3.970154332050263246, 1.000000000000000000, -0.3473380188771850730 ) ) ;
#1619 = ORIENTED_EDGE ( 'NONE', *, *, #949, .F. ) ;
#1620 = DIRECTION ( 'NONE',  ( -0.000000000000000000, -0.000000000000000000, -1.000000000000000000 ) ) ;
#1621 = ORIENTED_EDGE ( 'NONE', *, *, #1844, .T. ) ;
#1622 = CARTESIAN_POINT ( 'NONE',  ( 0.000000000000000000, 1.500000000000000000, -2.500000000000000444 ) ) ;
#1623 = FACE_OUTER_BOUND ( 'NONE', #907, .T. ) ;
#1624 = ADVANCED_FACE ( 'NONE', ( #1643 ), #1631, .T. ) ;
#1625 = CARTESIAN_POINT ( 'NONE',  ( -2.499999999999999556, 14.50000000000000000, 3.000000000000000000 ) ) ;
#1626 = VERTEX_POINT ( 'NONE', #1180 ) ;
#1627 = DIRECTION ( 'NONE',  ( -1.445602896647339163E-16, -0.000000000000000000, -1.000000000000000000 ) ) ;
#1628 = VERTEX_POINT ( 'NONE', #246 ) ;
#1629 = DIRECTION ( 'NONE',  ( 0.000000000000000000, -1.000000000000000000, 0.000000000000000000 ) ) ;
#1630 = ORIENTED_EDGE ( 'NONE', *, *, #441, .T. ) ;
#1631 = SPHERICAL_SURFACE ( 'NONE', #958, 0.5000000000000000000 ) ;
#1632 = DIRECTION ( 'NONE',  ( -1.000000000000000000, 0.000000000000000000, 0.000000000000000000 ) ) ;
#1633 = AXIS2_PLACEMENT_3D ( 'NONE', #284, #1096, #1698 ) ;
#1634 = CARTESIAN_POINT ( 'NONE',  ( 2.500000000000000000, 14.00000000000000000, -3.000000000000000000 ) ) ;
#1635 = DIRECTION ( 'NONE',  ( 0.000000000000000000, -1.000000000000000000, 0.000000000000000000 ) ) ;
#1636 = EDGE_CURVE ( 'NONE', #132, #369, #623, .T. ) ;
#1637 = EDGE_LOOP ( 'NONE', ( #1028, #1490, #424, #862, #1905 ) ) ;
#1638 = PLANE ( 'NONE',  #1598 ) ;
#1639 = ORIENTED_EDGE ( 'NONE', *, *, #967, .F. ) ;
#1640 = EDGE_CURVE ( 'NONE', #464, #67, #415, .T. ) ;
#1641 = VECTOR ( 'NONE', #451, 1000.000000000000000 ) ;
#1642 = VERTEX_POINT ( 'NONE', #382 ) ;
#1643 = FACE_OUTER_BOUND ( 'NONE', #696, .T. ) ;
#1644 = CARTESIAN_POINT ( 'NONE',  ( 0.3756097180881738384, 0.05339341808830051772, -2.734169947893998032 ) ) ;
#1645 = CARTESIAN_POINT ( 'NONE',  ( 2.000000000000000000, 10.90000000000000036, -3.000000000000000000 ) ) ;
#1646 = ORIENTED_EDGE ( 'NONE', *, *, #786, .T. ) ;
#1647 = DIRECTION ( 'NONE',  ( -1.000000000000000000, -0.000000000000000000, -0.000000000000000000 ) ) ;
#1648 = EDGE_CURVE ( 'NONE', #1626, #334, #112, .T. ) ;
#1649 = EDGE_LOOP ( 'NONE', ( #866, #942, #1001 ) ) ;
#1650 = CARTESIAN_POINT ( 'NONE',  ( 2.000000000000000000, 10.90000000000000036, 2.792893218813452094 ) ) ;
#1651 = VECTOR ( 'NONE', #234, 1000.000000000000000 ) ;
#1652 = ORIENTED_EDGE ( 'NONE', *, *, #370, .T. ) ;
#1653 = CARTESIAN_POINT ( 'NONE',  ( -3.970154332050263246, 1.000000000000000000, 0.3473380188771850730 ) ) ;
#1654 = DIRECTION ( 'NONE',  ( 1.000000000000000000, 0.000000000000000000, 0.000000000000000000 ) ) ;
#1655 = CARTESIAN_POINT ( 'NONE',  ( 0.000000000000000000, 3.600000000000000089, 0.000000000000000000 ) ) ;
#1656 = DIRECTION ( 'NONE',  ( 0.000000000000000000, -0.000000000000000000, -1.000000000000000000 ) ) ;
#1657 = ORIENTED_EDGE ( 'NONE', *, *, #478, .F. ) ;
#1658 = SPHERICAL_SURFACE ( 'NONE', #1032, 0.5000000000000000000 ) ;
#1659 = ORIENTED_EDGE ( 'NONE', *, *, #640, .F. ) ;
#1660 = ADVANCED_FACE ( 'NONE', ( #402 ), #1038, .F. ) ;
#1661 = VERTEX_POINT ( 'NONE', #1351 ) ;
#1662 = CARTESIAN_POINT ( 'NONE',  ( 2.500000000000000444, 4.099999999999999645, 2.500000000000000000 ) ) ;
#1663 = EDGE_CURVE ( 'NONE', #67, #1711, #1318, .T. ) ;
#1664 = DIRECTION ( 'NONE',  ( -0.000000000000000000, -0.000000000000000000, -1.000000000000000000 ) ) ;
#1665 = DIRECTION ( 'NONE',  ( 0.000000000000000000, 0.000000000000000000, 1.000000000000000000 ) ) ;
#1666 = CARTESIAN_POINT ( 'NONE',  ( 0.000000000000000000, 4.099999999999999645, 2.500000000000000000 ) ) ;
#1667 = AXIS2_PLACEMENT_3D ( 'NONE', #293, #1216, #1824 ) ;
#1668 = ORIENTED_EDGE ( 'NONE', *, *, #1317, .T. ) ;
#1669 = VECTOR ( 'NONE', #1581, 1000.000000000000000 ) ;
#1670 = CARTESIAN_POINT ( 'NONE',  ( -0.3756097180881738384, 1.000000000000000000, 0.3473380188771850730 ) ) ;
#1671 = ORIENTED_EDGE ( 'NONE', *, *, #1124, .F. ) ;
#1672 = VERTEX_POINT ( 'NONE', #314 ) ;
#1673 = AXIS2_PLACEMENT_3D ( 'NONE', #594, #1956, #1224 ) ;
#1674 = DIRECTION ( 'NONE',  ( 0.000000000000000000, 0.000000000000000000, 1.000000000000000000 ) ) ;
#1675 = EDGE_CURVE ( 'NONE', #285, #1473, #2004, .T. ) ;
#1676 = DIRECTION ( 'NONE',  ( 0.000000000000000000, 1.000000000000000000, -0.000000000000000000 ) ) ;
#1677 = CARTESIAN_POINT ( 'NONE',  ( 1.098544555296332437, 5.575370273213673400, -1.366814947102127364 ) ) ;
#1678 = PRODUCT_RELATED_PRODUCT_CATEGORY ( 'part', '', ( #882 ) ) ;
#1679 = CARTESIAN_POINT ( 'NONE',  ( 0.000000000000000000, 2.000000000000000000, 0.000000000000000000 ) ) ;
#1680 = CARTESIAN_POINT ( 'NONE',  ( 0.3756097180881738384, 1.000000000000000000, -3.000000000000000000 ) ) ;
#1681 = ORIENTED_EDGE ( 'NONE', *, *, #615, .F. ) ;
#1682 = DIRECTION ( 'NONE',  ( 0.000000000000000000, 0.000000000000000000, -1.000000000000000000 ) ) ;
#1683 = AXIS2_PLACEMENT_3D ( 'NONE', #966, #645, #1259 ) ;
#1684 = CARTESIAN_POINT ( 'NONE',  ( -2.000000000000000000, 14.50000000000000178, -2.792893218813452982 ) ) ;
#1685 = AXIS2_PLACEMENT_3D ( 'NONE', #1444, #207, #675 ) ;
#1686 = CARTESIAN_POINT ( 'NONE',  ( 0.000000000000000000, 1.500000000000000000, 0.000000000000000000 ) ) ;
#1687 = ADVANCED_FACE ( 'NONE', ( #624 ), #770, .T. ) ;
#1688 = CARTESIAN_POINT ( 'NONE',  ( -2.999999999999999556, 4.099999999999999645, 3.000000000000000000 ) ) ;
#1689 = EDGE_LOOP ( 'NONE', ( #1334, #953, #434 ) ) ;
#1690 = DIRECTION ( 'NONE',  ( 0.000000000000000000, 1.000000000000000000, 0.000000000000000000 ) ) ;
#1691 = ORIENTED_EDGE ( 'NONE', *, *, #1967, .T. ) ;
#1692 = LINE ( 'NONE', #1058, #1873 ) ;
#1693 = CYLINDRICAL_SURFACE ( 'NONE', #822, 1.750000000000000000 ) ;
#1694 = VERTEX_POINT ( 'NONE', #1828 ) ;
#1695 = DIRECTION ( 'NONE',  ( 0.000000000000000000, -1.000000000000000000, 0.000000000000000000 ) ) ;
#1696 = DIRECTION ( 'NONE',  ( 0.000000000000000000, -0.000000000000000000, 1.000000000000000000 ) ) ;
#1697 = VERTEX_POINT ( 'NONE', #1372 ) ;
#1698 = DIRECTION ( 'NONE',  ( 0.000000000000000000, -1.000000000000000000, -2.602085213965208275E-15 ) ) ;
#1699 = VECTOR ( 'NONE', #409, 1000.000000000000000 ) ;
#1700 = EDGE_CURVE ( 'NONE', #778, #1626, #1692, .T. ) ;
#1701 = CIRCLE ( 'NONE', #1413, 2.500000000000000444 ) ;
#1702 = ORIENTED_EDGE ( 'NONE', *, *, #152, .T. ) ;
#1703 = DIRECTION ( 'NONE',  ( -0.000000000000000000, -1.000000000000000000, -0.000000000000000000 ) ) ;
#1704 = DIRECTION ( 'NONE',  ( 0.000000000000000000, 0.000000000000000000, -1.000000000000000000 ) ) ;
#1705 = VECTOR ( 'NONE', #973, 1000.000000000000000 ) ;
#1706 = CARTESIAN_POINT ( 'NONE',  ( 2.499999999999999556, 3.600000000000000089, -2.500000000000000000 ) ) ;
#1707 = CARTESIAN_POINT ( 'NONE',  ( 1.515086020656662313, 5.941616316811424880, 0.8821845264578899171 ) ) ;
#1708 = DIRECTION ( 'NONE',  ( -0.000000000000000000, -1.000000000000000000, -0.000000000000000000 ) ) ;
#1709 = AXIS2_PLACEMENT_3D ( 'NONE', #338, #1708, #1718 ) ;
#1710 = PLANE ( 'NONE',  #636 ) ;
#1711 = VERTEX_POINT ( 'NONE', #1404 ) ;
#1712 = EDGE_CURVE ( 'NONE', #179, #1756, #1982, .T. ) ;
#1713 = ORIENTED_EDGE ( 'NONE', *, *, #533, .T. ) ;
#1714 = FACE_OUTER_BOUND ( 'NONE', #1013, .T. ) ;
#1715 = EDGE_LOOP ( 'NONE', ( #1868, #1311 ) ) ;
#1716 = CARTESIAN_POINT ( 'NONE',  ( -2.500000000000000000, 10.40000000000000036, 3.000000000000000000 ) ) ;
#1717 = AXIS2_PLACEMENT_3D ( 'NONE', #787, #128, #1540 ) ;
#1718 = DIRECTION ( 'NONE',  ( -8.881784197001252323E-16, 0.000000000000000000, 1.000000000000000000 ) ) ;
#1719 = DIRECTION ( 'NONE',  ( 0.000000000000000000, 1.000000000000000000, -0.000000000000000000 ) ) ;
#1720 = VECTOR ( 'NONE', #816, 1000.000000000000000 ) ;
#1721 = VERTEX_POINT ( 'NONE', #749 ) ;
#1722 = EDGE_CURVE ( 'NONE', #856, #1449, #1220, .T. ) ;
#1723 = CARTESIAN_POINT ( 'NONE',  ( -0.3756097180881738384, 0.000000000000000000, 2.471622410417441795 ) ) ;
#1724 = EDGE_LOOP ( 'NONE', ( #1179, #1377, #960 ) ) ;
#1725 = ADVANCED_FACE ( 'NONE', ( #1526 ), #951, .F. ) ;
#1726 = DIRECTION ( 'NONE',  ( 0.000000000000000000, -0.000000000000000000, -1.000000000000000000 ) ) ;
#1727 = DIRECTION ( 'NONE',  ( 0.000000000000000000, -0.000000000000000000, 1.000000000000000000 ) ) ;
#1728 = LINE ( 'NONE', #983, #604 ) ;
#1729 = LINE ( 'NONE', #1293, #421 ) ;
#1730 = TOROIDAL_SURFACE ( 'NONE', #245, 2.500000000000000444, 0.5000000000000000000 ) ;
#1731 = EDGE_LOOP ( 'NONE', ( #904, #218, #1047, #1771 ) ) ;
#1732 = FACE_OUTER_BOUND ( 'NONE', #1505, .T. ) ;
#1733 = EDGE_CURVE ( 'NONE', #1981, #358, #227, .T. ) ;
#1734 = TOROIDAL_SURFACE ( 'NONE', #976, 2.500000000000000000, 0.5000000000000000000 ) ;
#1735 = DIRECTION ( 'NONE',  ( 1.445602896647339163E-16, 0.000000000000000000, 1.000000000000000000 ) ) ;
#1736 = CARTESIAN_POINT ( 'NONE',  ( -2.499999999999999556, 4.099999999999999645, 2.500000000000000000 ) ) ;
#1737 = CARTESIAN_POINT ( 'NONE',  ( 2.499999999999998224, 14.50000000000000000, -2.500000000000000000 ) ) ;
#1738 = ORIENTED_EDGE ( 'NONE', *, *, #276, .T. ) ;
#1739 = CARTESIAN_POINT ( 'NONE',  ( 2.499999999999999556, 14.00000000000000000, -2.500000000000000000 ) ) ;
#1740 = ORIENTED_EDGE ( 'NONE', *, *, #1854, .T. ) ;
#1741 = CARTESIAN_POINT ( 'NONE',  ( -2.475753683354318113, 0.000000000000000000, 0.3473380188771850730 ) ) ;
#1742 = EDGE_CURVE ( 'NONE', #1721, #1970, #790, .T. ) ;
#1743 = DIRECTION ( 'NONE',  ( -2.602085213965210642E-15, 0.000000000000000000, -1.000000000000000000 ) ) ;
#1744 = CIRCLE ( 'NONE', #261, 2.000000000000000000 ) ;
#1745 = VECTOR ( 'NONE', #1200, 1000.000000000000000 ) ;
#1746 = VECTOR ( 'NONE', #1620, 1000.000000000000000 ) ;
#1747 = FACE_OUTER_BOUND ( 'NONE', #936, .T. ) ;
#1748 = ORIENTED_EDGE ( 'NONE', *, *, #162, .F. ) ;
#1749 = ADVANCED_FACE ( 'NONE', ( #1993 ), #1240, .T. ) ;
#1750 = DIRECTION ( 'NONE',  ( 1.000000000000000000, 0.000000000000000000, 0.000000000000000000 ) ) ;
#1751 = DIRECTION ( 'NONE',  ( 0.000000000000000000, -1.000000000000000000, 0.000000000000000000 ) ) ;
#1752 = CARTESIAN_POINT ( 'NONE',  ( -0.1250757118528889600, 5.249999999999999112, -1.750000000000000222 ) ) ;
#1753 = CARTESIAN_POINT ( 'NONE',  ( 2.500000000000000444, 4.099999999999999645, 2.500000000000000000 ) ) ;
#1754 = DIRECTION ( 'NONE',  ( -2.602085213965210642E-15, 0.000000000000000000, -1.000000000000000000 ) ) ;
#1755 = EDGE_CURVE ( 'NONE', #1626, #67, #144, .T. ) ;
#1756 = VERTEX_POINT ( 'NONE', #781 ) ;
#1757 = AXIS2_PLACEMENT_3D ( 'NONE', #1297, #1800, #406 ) ;
#1758 = CARTESIAN_POINT ( 'NONE',  ( -3.970154332050263246, 0.000000000000000000, -0.3473380188771850730 ) ) ;
#1759 = FACE_OUTER_BOUND ( 'NONE', #1689, .T. ) ;
#1760 = CARTESIAN_POINT ( 'NONE',  ( -2.000000000000000000, 10.90000000000000036, -2.792893218813452982 ) ) ;
#1761 = ORIENTED_EDGE ( 'NONE', *, *, #1547, .F. ) ;
#1762 = VERTEX_POINT ( 'NONE', #1099 ) ;
#1763 =( NAMED_UNIT ( * ) SI_UNIT ( $, .STERADIAN. ) SOLID_ANGLE_UNIT ( ) );
#1764 = EDGE_CURVE ( 'NONE', #1313, #788, #1394, .T. ) ;
#1765 = CARTESIAN_POINT ( 'NONE',  ( -2.000000000000000000, 14.50000000000000000, 2.500000000000000000 ) ) ;
#1766 = DIRECTION ( 'NONE',  ( 1.000000000000000000, 0.000000000000000000, 0.000000000000000000 ) ) ;
#1767 = CARTESIAN_POINT ( 'NONE',  ( -2.738151533974605201, 0.05354646987932977498, -0.3473380188771851285 ) ) ;
#1768 = FACE_OUTER_BOUND ( 'NONE', #609, .T. ) ;
#1769 = VERTEX_POINT ( 'NONE', #1818 ) ;
#1770 = CYLINDRICAL_SURFACE ( 'NONE', #1501, 0.5000000000000000000 ) ;
#1771 = ORIENTED_EDGE ( 'NONE', *, *, #1636, .F. ) ;
#1772 = CARTESIAN_POINT ( 'NONE',  ( -0.3756097180881738384, 0.5000000000000000000, -2.976393344246980543 ) ) ;
#1773 = EDGE_LOOP ( 'NONE', ( #109, #1924, #1189, #100, #41, #1921 ) ) ;
#1774 = LINE ( 'NONE', #1328, #1454 ) ;
#1775 = LINE ( 'NONE', #1181, #351 ) ;
#1776 = EDGE_CURVE ( 'NONE', #1876, #161, #1211, .T. ) ;
#1777 = CARTESIAN_POINT ( 'NONE',  ( -1.105837829309128217, 5.572539624166841676, 1.373133841323649573 ) ) ;
#1778 = DIRECTION ( 'NONE',  ( -1.000000000000000000, 2.602085213965207881E-15, -0.000000000000000000 ) ) ;
#1779 = ORIENTED_EDGE ( 'NONE', *, *, #1384, .T. ) ;
#1780 = FACE_OUTER_BOUND ( 'NONE', #569, .T. ) ;
#1781 = ORIENTED_EDGE ( 'NONE', *, *, #1218, .F. ) ;
#1782 = PRODUCT_DEFINITION_SHAPE ( 'NONE', 'NONE',  #632 ) ;
#1783 = CARTESIAN_POINT ( 'NONE',  ( 2.500000000000000000, 14.50000000000000000, 3.000000000000000000 ) ) ;
#1784 = ORIENTED_EDGE ( 'NONE', *, *, #1722, .F. ) ;
#1785 = FACE_OUTER_BOUND ( 'NONE', #1731, .T. ) ;
#1786 = DIRECTION ( 'NONE',  ( 0.000000000000000000, 0.000000000000000000, -1.000000000000000000 ) ) ;
#1787 = TOROIDAL_SURFACE ( 'NONE', #1379, 2.500000000000000444, 0.5000000000000000000 ) ;
#1788 = CARTESIAN_POINT ( 'NONE',  ( 2.979824877512515346, 0.5000000000000000000, 0.3473380188771850730 ) ) ;
#1789 = EDGE_CURVE ( 'NONE', #1769, #1825, #679, .T. ) ;
#1790 = CARTESIAN_POINT ( 'NONE',  ( -0.3756097180881738939, 0.3679354442413928505, -2.976393344246980988 ) ) ;
#1791 = ORIENTED_EDGE ( 'NONE', *, *, #1878, .T. ) ;
#1792 = AXIS2_PLACEMENT_3D ( 'NONE', #1686, #1695, #126 ) ;
#1793 = LINE ( 'NONE', #378, #801 ) ;
#1794 = ORIENTED_EDGE ( 'NONE', *, *, #708, .F. ) ;
#1795 = EDGE_LOOP ( 'NONE', ( #1036, #212, #1748 ) ) ;
#1796 = VERTEX_POINT ( 'NONE', #1849 ) ;
#1797 = DIRECTION ( 'NONE',  ( 0.000000000000000000, 0.000000000000000000, 1.000000000000000000 ) ) ;
#1798 = CARTESIAN_POINT ( 'NONE',  ( -2.000000000000000000, 7.249999999999999112, -2.000000000000000000 ) ) ;
#1799 = CARTESIAN_POINT ( 'NONE',  ( 2.737734683425977700, 0.05306096516486374232, -0.3473380188771851285 ) ) ;
#1800 = DIRECTION ( 'NONE',  ( -0.000000000000000000, 1.000000000000000000, -0.000000000000000000 ) ) ;
#1801 = ADVANCED_FACE ( 'NONE', ( #1087 ), #304, .T. ) ;
#1802 = ORIENTED_EDGE ( 'NONE', *, *, #66, .F. ) ;
#1803 = CARTESIAN_POINT ( 'NONE',  ( 0.000000000000000000, 1.000000000000000000, 0.000000000000000000 ) ) ;
#1804 = EDGE_LOOP ( 'NONE', ( #585, #843, #830 ) ) ;
#1805 = AXIS2_PLACEMENT_3D ( 'NONE', #725, #268, #851 ) ;
#1806 = AXIS2_PLACEMENT_3D ( 'NONE', #1588, #1412, #1121 ) ;
#1807 = VERTEX_POINT ( 'NONE', #124 ) ;
#1808 = DIRECTION ( 'NONE',  ( 0.000000000000000000, 0.000000000000000000, 1.000000000000000000 ) ) ;
#1809 = DIRECTION ( 'NONE',  ( -1.000000000000000000, -0.000000000000000000, -0.000000000000000000 ) ) ;
#1810 = AXIS2_PLACEMENT_3D ( 'NONE', #315, #1886, #1754 ) ;
#1811 = DIRECTION ( 'NONE',  ( 0.000000000000000000, -1.000000000000000000, 0.000000000000000000 ) ) ;
#1812 = DIRECTION ( 'NONE',  ( 0.000000000000000000, 0.000000000000000000, 1.000000000000000000 ) ) ;
#1813 = DIRECTION ( 'NONE',  ( -0.000000000000000000, 0.000000000000000000, -1.000000000000000000 ) ) ;
#1814 = LINE ( 'NONE', #1514, #398 ) ;
#1815 = EDGE_LOOP ( 'NONE', ( #86, #1961, #1304 ) ) ;
#1816 = ADVANCED_FACE ( 'NONE', ( #1360 ), #1264, .T. ) ;
#1817 = ORIENTED_EDGE ( 'NONE', *, *, #288, .F. ) ;
#1818 = CARTESIAN_POINT ( 'NONE',  ( -2.999999999999999556, 4.099999999999999645, 2.500000000000000000 ) ) ;
#1819 = DIRECTION ( 'NONE',  ( 0.000000000000000000, 1.000000000000000000, 0.000000000000000000 ) ) ;
#1820 = CARTESIAN_POINT ( 'NONE',  ( 2.606550175621663357, -1.353135133238744397E-15, -0.3473380188771850174 ) ) ;
#1821 = CYLINDRICAL_SURFACE ( 'NONE', #1326, 0.5000000000000000000 ) ;
#1822 = ORIENTED_EDGE ( 'NONE', *, *, #695, .T. ) ;
#1823 = AXIS2_PLACEMENT_3D ( 'NONE', #1966, #1521, #932 ) ;
#1824 = DIRECTION ( 'NONE',  ( 0.000000000000000000, 0.000000000000000000, 1.000000000000000000 ) ) ;
#1825 = VERTEX_POINT ( 'NONE', #1258 ) ;
#1826 = AXIS2_PLACEMENT_3D ( 'NONE', #1562, #1872, #1881 ) ;
#1827 = ADVANCED_FACE ( 'NONE', ( #1446 ), #359, .T. ) ;
#1828 = CARTESIAN_POINT ( 'NONE',  ( 0.000000000000000000, 3.600000000000000089, -1.750000000000000000 ) ) ;
#1829 = CARTESIAN_POINT ( 'NONE',  ( 2.499999999999998224, 14.50000000000000000, -3.000000000000000000 ) ) ;
#1830 = VERTEX_POINT ( 'NONE', #23 ) ;
#1831 = CARTESIAN_POINT ( 'NONE',  ( 0.000000000000000000, 2.000000000000000000, 0.000000000000000000 ) ) ;
#1832 = FACE_OUTER_BOUND ( 'NONE', #1350, .T. ) ;
#1833 = FACE_OUTER_BOUND ( 'NONE', #401, .T. ) ;
#1834 = PLANE ( 'NONE',  #833 ) ;
#1835 = EDGE_LOOP ( 'NONE', ( #678, #1492, #1851, #1608 ) ) ;
#1836 = VERTEX_POINT ( 'NONE', #187 ) ;
#1837 = CARTESIAN_POINT ( 'NONE',  ( -2.499999999999999556, 4.099999999999999645, 2.500000000000000000 ) ) ;
#1838 = VECTOR ( 'NONE', #222, 1000.000000000000000 ) ;
#1839 = CARTESIAN_POINT ( 'NONE',  ( -2.207106781186547462, 14.29289321881345209, -3.000000000000000000 ) ) ;
#1840 = AXIS2_PLACEMENT_3D ( 'NONE', #1497, #1458, #1192 ) ;
#1841 = EDGE_LOOP ( 'NONE', ( #1082, #74, #1962, #497 ) ) ;
#1842 = TOROIDAL_SURFACE ( 'NONE', #191, 2.500000000000000000, 0.5000000000000000000 ) ;
#1843 = DIRECTION ( 'NONE',  ( 1.000000000000000000, 0.000000000000000000, 0.000000000000000000 ) ) ;
#1844 = EDGE_CURVE ( 'NONE', #1155, #778, #651, .T. ) ;
#1845 = ORIENTED_EDGE ( 'NONE', *, *, #575, .T. ) ;
#1846 = DIRECTION ( 'NONE',  ( 0.000000000000000000, 1.000000000000000000, 0.000000000000000000 ) ) ;
#1847 = EDGE_CURVE ( 'NONE', #778, #1711, #51, .T. ) ;
#1848 = AXIS2_PLACEMENT_3D ( 'NONE', #361, #1478, #831 ) ;
#1849 = CARTESIAN_POINT ( 'NONE',  ( 2.143262355408378709E-16, 5.249999999999999112, 1.750000000000000000 ) ) ;
#1850 = CARTESIAN_POINT ( 'NONE',  ( -2.500000000000000444, 3.600000000000000089, -3.000000000000000000 ) ) ;
#1851 = ORIENTED_EDGE ( 'NONE', *, *, #1365, .F. ) ;
#1852 = CARTESIAN_POINT ( 'NONE',  ( 0.3756097180881738939, 0.3689850162131961264, 2.976393344246138550 ) ) ;
#1853 = FACE_OUTER_BOUND ( 'NONE', #1569, .T. ) ;
#1854 = EDGE_CURVE ( 'NONE', #1876, #1449, #2005, .T. ) ;
#1855 = CARTESIAN_POINT ( 'NONE',  ( 0.000000000000000000, 2.000000000000000000, 0.000000000000000000 ) ) ;
#1856 = CARTESIAN_POINT ( 'NONE',  ( 0.000000000000000000, 0.5000000000000000000, 0.000000000000000000 ) ) ;
#1857 = AXIS2_PLACEMENT_3D ( 'NONE', #1378, #917, #622 ) ;
#1858 = VECTOR ( 'NONE', #683, 1000.000000000000000 ) ;
#1859 = CARTESIAN_POINT ( 'NONE',  ( 3.000000000000000444, 14.50000000000000000, 2.500000000000000000 ) ) ;
#1860 = VECTOR ( 'NONE', #237, 1000.000000000000000 ) ;
#1861 = VERTEX_POINT ( 'NONE', #1559 ) ;
#1862 = CARTESIAN_POINT ( 'NONE',  ( -2.607219395835246534, -4.230929571535228616E-15, 0.3473380188771850174 ) ) ;
#1863 = CARTESIAN_POINT ( 'NONE',  ( 1.736142959650821993, 6.255986149635900162, 0.2494141559857031287 ) ) ;
#1864 = CYLINDRICAL_SURFACE ( 'NONE', #1349, 0.5000000000000000000 ) ;
#1865 = DIRECTION ( 'NONE',  ( 0.000000000000000000, 1.000000000000000000, 0.000000000000000000 ) ) ;
#1866 = ADVANCED_FACE ( 'NONE', ( #989 ), #496, .T. ) ;
#1867 = EDGE_CURVE ( 'NONE', #1711, #399, #970, .T. ) ;
#1868 = ORIENTED_EDGE ( 'NONE', *, *, #1533, .T. ) ;
#1869 = DIRECTION ( 'NONE',  ( -0.000000000000000000, -1.000000000000000000, -0.000000000000000000 ) ) ;
#1870 = EDGE_LOOP ( 'NONE', ( #718, #881, #446, #1405 ) ) ;
#1871 = CIRCLE ( 'NONE', #1806, 0.5000000000000000000 ) ;
#1872 = DIRECTION ( 'NONE',  ( 2.602085213965211036E-15, 0.000000000000000000, 1.000000000000000000 ) ) ;
#1873 = VECTOR ( 'NONE', #1250, 1000.000000000000000 ) ;
#1874 =( NAMED_UNIT ( * ) SI_UNIT ( $, .STERADIAN. ) SOLID_ANGLE_UNIT ( ) );
#1875 = CARTESIAN_POINT ( 'NONE',  ( -2.499999999999999556, 14.50000000000000000, 3.000000000000000000 ) ) ;
#1876 = VERTEX_POINT ( 'NONE', #178 ) ;
#1877 = DIRECTION ( 'NONE',  ( -1.332267629550187849E-14, 0.000000000000000000, -1.000000000000000000 ) ) ;
#1878 = EDGE_CURVE ( 'NONE', #1557, #1642, #550, .T. ) ;
#1879 = B_SPLINE_CURVE_WITH_KNOTS ( 'NONE', 3,
 ( #1741, #1862, #483, #343, #1579, #1111 ),
 .UNSPECIFIED., .F., .F.,
 ( 4, 2, 4 ),
 ( 0.002662502487292914104, 0.003054729557451077437, 0.003446956627609241205 ),
 .UNSPECIFIED. ) ;
#1880 = VERTEX_POINT ( 'NONE', #1723 ) ;
#1882 = EDGE_CURVE ( 'NONE', #1672, #690, #1871, .T. ) ;
#1881 = DIRECTION ( 'NONE',  ( 1.000000000000000000, 0.000000000000000000, -2.602085213965210642E-15 ) ) ;
#1883 = DIRECTION ( 'NONE',  ( 0.000000000000000000, 0.000000000000000000, 1.000000000000000000 ) ) ;
#1884 = DIRECTION ( 'NONE',  ( 0.000000000000000000, 0.000000000000000000, -1.000000000000000000 ) ) ;
#1885 = AXIS2_PLACEMENT_3D ( 'NONE', #826, #37, #664 ) ;
#1886 = DIRECTION ( 'NONE',  ( -1.000000000000000000, -0.000000000000000000, 2.602085213965211036E-15 ) ) ;
#1887 = ORIENTED_EDGE ( 'NONE', *, *, #1274, .T. ) ;
#1888 = CARTESIAN_POINT ( 'NONE',  ( 0.000000000000000000, 8.000000000000000000, 0.000000000000000000 ) ) ;
#1889 = ORIENTED_EDGE ( 'NONE', *, *, #912, .F. ) ;
#1890 = EDGE_CURVE ( 'NONE', #1876, #1836, #1729, .T. ) ;
#1891 = CARTESIAN_POINT ( 'NONE',  ( -2.499999999999999556, 14.50000000000000000, 2.500000000000000000 ) ) ;
#1892 = ADVANCED_BREP_SHAPE_REPRESENTATION ( 'Part1', ( #32, #1518 ), #818 ) ;
#1893 = CARTESIAN_POINT ( 'NONE',  ( -0.9219400654175764487, 5.460431109305155850, 1.505809702822548335 ) ) ;
#1894 = CARTESIAN_POINT ( 'NONE',  ( 0.3756097180881738384, 1.000000000000000000, 0.3473380188771849619 ) ) ;
#1895 = PLANE ( 'NONE',  #1685 ) ;
#1896 = AXIS2_PLACEMENT_3D ( 'NONE', #1855, #430, #1063 ) ;
#1897 = CYLINDRICAL_SURFACE ( 'NONE', #294, 0.5000000000000000000 ) ;
#1898 = ORIENTED_EDGE ( 'NONE', *, *, #1257, .F. ) ;
#1899 = CARTESIAN_POINT ( 'NONE',  ( 0.000000000000000000, 0.5000000000000000000, 0.000000000000000000 ) ) ;
#1900 = CARTESIAN_POINT ( 'NONE',  ( 2.000000000000000000, 14.50000000000000000, 2.499999999999999556 ) ) ;
#1901 = EDGE_CURVE ( 'NONE', #755, #414, #341, .T. ) ;
#1902 = CARTESIAN_POINT ( 'NONE',  ( 0.3756097180881738384, 0.000000000000000000, -0.3473380188771850730 ) ) ;
#1903 = PRODUCT_DEFINITION_FORMATION_WITH_SPECIFIED_SOURCE ( 'ANY', '', #882, .NOT_KNOWN. ) ;
#1904 = LINE ( 'NONE', #347, #331 ) ;
#1905 = ORIENTED_EDGE ( 'NONE', *, *, #1890, .F. ) ;
#1906 = CARTESIAN_POINT ( 'NONE',  ( 3.000000000000000444, 4.099999999999999645, 2.499999999999998668 ) ) ;
#1907 = LINE ( 'NONE', #701, #1425 ) ;
#1908 = CARTESIAN_POINT ( 'NONE',  ( -1.688763934162471170, 6.177500108867943318, -0.4737211605035478446 ) ) ;
#1909 = CARTESIAN_POINT ( 'NONE',  ( -2.500000000000000444, 4.099999999999999645, -3.000000000000000000 ) ) ;
#1910 = ADVANCED_FACE ( 'NONE', ( #643 ), #978, .T. ) ;
#1911 = VERTEX_POINT ( 'NONE', #1132 ) ;
#1912 = LINE ( 'NONE', #656, #61 ) ;
#1913 = DIRECTION ( 'NONE',  ( 0.000000000000000000, 0.000000000000000000, -1.000000000000000000 ) ) ;
#1914 = CIRCLE ( 'NONE', #1857, 0.5000000000000000000 ) ;
#1915 = AXIS2_PLACEMENT_3D ( 'NONE', #974, #1575, #814 ) ;
#1916 = CARTESIAN_POINT ( 'NONE',  ( 0.000000000000000000, 2.000000000000000000, 0.000000000000000000 ) ) ;
#1917 = LINE ( 'NONE', #77, #1838 ) ;
#1918 = CARTESIAN_POINT ( 'NONE',  ( -1.735710826115779870, 6.255197250145286603, 0.2527183190189446482 ) ) ;
#1919 = CARTESIAN_POINT ( 'NONE',  ( -0.3756097180881736719, -6.975316320639161320E-16, -2.603654376745771160 ) ) ;
#1920 = CIRCLE ( 'NONE', #1673, 0.5000000000000000000 ) ;
#1921 = ORIENTED_EDGE ( 'NONE', *, *, #724, .F. ) ;
#1922 = LINE ( 'NONE', #388, #1271 ) ;
#1923 = EDGE_CURVE ( 'NONE', #1055, #464, #1553, .T. ) ;
#1924 = ORIENTED_EDGE ( 'NONE', *, *, #325, .T. ) ;
#1925 = ADVANCED_FACE ( 'NONE', ( #1714 ), #1437, .F. ) ;
#1926 = ORIENTED_EDGE ( 'NONE', *, *, #1182, .F. ) ;
#1927 = CARTESIAN_POINT ( 'NONE',  ( 0.000000000000000000, 7.249999999999999112, 3.000000000000000000 ) ) ;
#1928 = SPHERICAL_SURFACE ( 'NONE', #1932, 0.5000000000000000000 ) ;
#1929 = CARTESIAN_POINT ( 'NONE',  ( 0.000000000000000000, 5.249999999999999112, -1.750000000000000000 ) ) ;
#1930 = DIRECTION ( 'NONE',  ( 0.000000000000000000, 0.000000000000000000, -1.000000000000000000 ) ) ;
#1931 = APPLICATION_CONTEXT ( 'automotive_design' ) ;
#1932 = AXIS2_PLACEMENT_3D ( 'NONE', #1319, #392, #1786 ) ;
#1933 = ORIENTED_EDGE ( 'NONE', *, *, #291, .T. ) ;
#1934 = CARTESIAN_POINT ( 'NONE',  ( -3.970154332050263246, 0.000000000000000000, 0.3473380188771850730 ) ) ;
#1935 = CIRCLE ( 'NONE', #1810, 0.5000000000000000000 ) ;
#1936 = ORIENTED_EDGE ( 'NONE', *, *, #841, .T. ) ;
#1937 = APPLICATION_PROTOCOL_DEFINITION ( 'draft international standard', 'automotive_design', 1998, #1590 ) ;
#1938 = ORIENTED_EDGE ( 'NONE', *, *, #1878, .F. ) ;
#1939 = ADVANCED_FACE ( 'NONE', ( #668 ), #1897, .T. ) ;
#1940 = DIRECTION ( 'NONE',  ( -0.000000000000000000, 1.000000000000000000, 0.000000000000000000 ) ) ;
#1941 = PLANE ( 'NONE',  #519 ) ;
#1942 = AXIS2_PLACEMENT_3D ( 'NONE', #617, #572, #1654 ) ;
#1943 = EDGE_CURVE ( 'NONE', #399, #179, #839, .T. ) ;
#1944 = CARTESIAN_POINT ( 'NONE',  ( -1.404351785821279730, 5.813146952927323419, 1.065912713396340861 ) ) ;
#1945 = DIRECTION ( 'NONE',  ( 0.000000000000000000, -1.000000000000000000, 0.000000000000000000 ) ) ;
#1946 = EDGE_LOOP ( 'NONE', ( #360, #1123, #177, #50 ) ) ;
#1947 = DIRECTION ( 'NONE',  ( 1.000000000000000000, 0.000000000000000000, 0.000000000000000000 ) ) ;
#1948 = ORIENTED_EDGE ( 'NONE', *, *, #288, .T. ) ;
#1949 = CARTESIAN_POINT ( 'NONE',  ( -0.3756097180881738384, 1.000000000000000000, -3.000000000000000000 ) ) ;
#1950 = VERTEX_POINT ( 'NONE', #1772 ) ;
#1951 = CARTESIAN_POINT ( 'NONE',  ( -0.3756097180881738384, 1.000000000000000000, -0.3473380188771849619 ) ) ;
#1952 = CYLINDRICAL_SURFACE ( 'NONE', #1942, 2.000000000000000000 ) ;
#1953 = AXIS2_PLACEMENT_3D ( 'NONE', #431, #1106, #311 ) ;
#1954 = ADVANCED_FACE ( 'NONE', ( #870 ), #557, .F. ) ;
#1955 = VECTOR ( 'NONE', #1204, 1000.000000000000000 ) ;
#1956 = DIRECTION ( 'NONE',  ( -0.000000000000000000, -0.000000000000000000, 1.000000000000000000 ) ) ;
#1957 = CARTESIAN_POINT ( 'NONE',  ( -0.3756097180881738384, 0.000000000000000000, 2.471622410417441795 ) ) ;
#1958 = EDGE_LOOP ( 'NONE', ( #1495, #322, #1073, #930, #1630, #644, #1345, #1691, #1209, #1610, #1948, #599, #1545, #89 ) ) ;
#1959 = VECTOR ( 'NONE', #1441, 1000.000000000000000 ) ;
#1960 = CARTESIAN_POINT ( 'NONE',  ( -3.000000000000000444, 14.50000000000000000, -3.000000000000000000 ) ) ;
#1961 = ORIENTED_EDGE ( 'NONE', *, *, #746, .T. ) ;
#1962 = ORIENTED_EDGE ( 'NONE', *, *, #182, .F. ) ;
#1963 = DIRECTION ( 'NONE',  ( -1.000000000000000000, 0.000000000000000000, 0.000000000000000000 ) ) ;
#1964 = DIRECTION ( 'NONE',  ( -1.445602896647339163E-16, 0.000000000000000000, -1.000000000000000000 ) ) ;
#1965 = DIRECTION ( 'NONE',  ( -0.000000000000000000, -1.000000000000000000, -0.000000000000000000 ) ) ;
#1966 = CARTESIAN_POINT ( 'NONE',  ( 0.000000000000000000, 3.600000000000000089, 0.000000000000000000 ) ) ;
#1967 = EDGE_CURVE ( 'NONE', #570, #1066, #85, .T. ) ;
#1968 = ORIENTED_EDGE ( 'NONE', *, *, #1416, .F. ) ;
#1969 = LINE ( 'NONE', #1207, #242 ) ;
#1970 = VERTEX_POINT ( 'NONE', #1015 ) ;
#1971 = EDGE_CURVE ( 'NONE', #1455, #141, #487, .T. ) ;
#1972 = VECTOR ( 'NONE', #760, 1000.000000000000000 ) ;
#1973 = DIRECTION ( 'NONE',  ( 0.000000000000000000, -1.000000000000000000, 0.000000000000000000 ) ) ;
#1974 = LINE ( 'NONE', #1829, #103 ) ;
#1975 = DIRECTION ( 'NONE',  ( 2.602085213965210642E-15, 0.000000000000000000, 1.000000000000000000 ) ) ;
#1976 = CARTESIAN_POINT ( 'NONE',  ( 0.000000000000000000, 0.5000000000000000000, 0.000000000000000000 ) ) ;
#1977 = PLANE ( 'NONE',  #1896 ) ;
#1978 = DIRECTION ( 'NONE',  ( -1.000000000000000000, 0.000000000000000000, 1.445602896647339163E-16 ) ) ;
#1979 = EDGE_CURVE ( 'NONE', #1481, #729, #734, .T. ) ;
#1980 = ORIENTED_EDGE ( 'NONE', *, *, #997, .T. ) ;
#1981 = VERTEX_POINT ( 'NONE', #400 ) ;
#1982 = LINE ( 'NONE', #1859, #1400 ) ;
#1983 = DIRECTION ( 'NONE',  ( 0.000000000000000000, 1.000000000000000000, 0.000000000000000000 ) ) ;
#1984 = LINE ( 'NONE', #1375, #1641 ) ;
#1985 = CARTESIAN_POINT ( 'NONE',  ( 0.8150438480448164436, 5.420037973903673922, -1.553016523760844425 ) ) ;
#1986 = ORIENTED_EDGE ( 'NONE', *, *, #652, .T. ) ;
#1987 = CIRCLE ( 'NONE', #1757, 2.500000000000000444 ) ;
#1988 = DIRECTION ( 'NONE',  ( 1.445602896647339163E-16, 0.000000000000000000, 1.000000000000000000 ) ) ;
#1989 = VERTEX_POINT ( 'NONE', #1906 ) ;
#1990 = ORIENTED_EDGE ( 'NONE', *, *, #1640, .T. ) ;
#1991 = ORIENTED_EDGE ( 'NONE', *, *, #1060, .F. ) ;
#1992 = AXIS2_PLACEMENT_3D ( 'NONE', #509, #172, #1726 ) ;
#1993 = FACE_OUTER_BOUND ( 'NONE', #1773, .T. ) ;
#1994 = EDGE_CURVE ( 'NONE', #1557, #1796, #721, .T. ) ;
#1995 = DIRECTION ( 'NONE',  ( 0.000000000000000000, 1.000000000000000000, 0.000000000000000000 ) ) ;
#1996 = ORIENTED_EDGE ( 'NONE', *, *, #251, .F. ) ;
#1997 = FACE_OUTER_BOUND ( 'NONE', #597, .T. ) ;
#1998 = CYLINDRICAL_SURFACE ( 'NONE', #673, 0.5000000000000000000 ) ;
#1999 = DIRECTION ( 'NONE',  ( -0.000000000000000000, -1.000000000000000000, 0.000000000000000000 ) ) ;
#2000 = EDGE_LOOP ( 'NONE', ( #613, #626, #231, #895 ) ) ;
#2001 = DIRECTION ( 'NONE',  ( 0.000000000000000000, 0.000000000000000000, -1.000000000000000000 ) ) ;
#2002 = AXIS2_PLACEMENT_3D ( 'NONE', #383, #1448, #540 ) ;
#2003 = LINE ( 'NONE', #1595, #963 ) ;
#2004 = CIRCLE ( 'NONE', #986, 0.5000000000000000000 ) ;
#2005 = CIRCLE ( 'NONE', #1141, 3.000000000000000444 ) ;
#2006 = ORIENTED_EDGE ( 'NONE', *, *, #522, .F. ) ;
#2007 = EDGE_CURVE ( 'NONE', #729, #399, #184, .T. ) ;
#2008 = CARTESIAN_POINT ( 'NONE',  ( -3.970154332050263246, 1.000000000000000000, -0.3473380188771850730 ) ) ;
#2009 = CARTESIAN_POINT ( 'NONE',  ( 0.4855966443330708704, 5.306068650573584122, -1.685682906438181750 ) ) ;
ENDSEC;
END-ISO-10303-21;
